

INSERT INTO `educational_levels` (`id`, `name`, `description`, `weight`, `created_at`, `updated_at`) VALUES
(1, 'Bachelors Degree', NULL, 5, '2023-01-04 22:56:46', '2023-01-26 05:54:02'),
(2, 'College Diploma(Level III)', NULL, 4, '2023-01-12 21:59:04', '2023-03-27 02:38:38'),
(4, 'Master Degree', NULL, 6, '2023-01-12 21:59:53', '2023-01-26 05:54:19'),
(5, 'PhD Degree', NULL, 8, '2023-01-12 22:00:01', '2023-01-26 05:54:26'),
(7, 'Grade 10 or  12 Complete', NULL, 3, '2023-01-15 23:35:03', '2023-03-27 02:43:54'),
(8, 'Grade 4 complete', NULL, 1, '2023-01-15 23:36:23', '2023-01-26 05:52:21'),
(9, 'Grade 8 complete', NULL, 2, '2023-01-15 23:36:33', '2023-01-26 05:52:43'),
(10, 'Level IV & V', NULL, 10, '2023-03-27 02:38:17', '2023-03-27 02:38:17'),
(11, 'Level I', NULL, 11, '2023-03-27 02:41:02', '2023-03-27 02:41:02'),
(12, 'Level II', NULL, 12, '2023-03-27 02:41:13', '2023-03-27 02:41:13');


INSERT INTO `education_comparison_criterias` (`id`, `position_value_id`, `educational_level_id`, `min_educational_level_id`, `value`, `created_at`, `updated_at`) VALUES
(9, 5, 5, 5, 12.00, '2023-03-06 23:55:21', '2023-03-27 02:29:38'),
(12, 5, 4, 4, 23.00, '2023-03-27 02:31:19', '2023-03-27 02:31:19'),
(13, 5, 1, 1, 20.00, '2023-03-27 02:31:35', '2023-03-27 02:31:35'),
(14, 1, 5, 5, 40.00, '2023-03-27 02:33:23', '2023-03-27 02:33:23'),
(15, 1, 4, 4, 36.00, '2023-03-27 02:33:54', '2023-03-27 02:33:54'),
(16, 1, 1, 1, 32.00, '2023-03-27 02:34:11', '2023-03-27 02:34:11'),
(17, 1, 10, 10, 36.00, '2023-03-27 02:39:54', '2023-03-27 02:39:54'),
(18, 1, 2, 2, 32.00, '2023-03-27 02:40:29', '2023-03-27 02:40:29'),
(19, 1, 11, 11, 24.00, '2023-03-27 02:42:11', '2023-03-27 02:42:11'),
(20, 1, 12, 12, 25.00, '2023-03-27 02:42:38', '2023-03-27 02:42:38'),
(21, 1, 7, 7, 20.00, '2023-03-27 02:44:28', '2023-03-27 02:44:28');



INSERT INTO `employees` (`id`, `first_name`, `father_name`, `grand_father_name`, `gender`, `date_of_birth`, `photo`, `birth_city`, `driving_licence`, `blood_group`, `eye_color`, `phone_number`, `email`, `rfid`, `employment_identity`, `employee_title_id`, `educational_level_id`, `marital_status_id`, `ethnicity_id`, `religion_id`, `field_of_study_id`, `employement_date`, `position_id`, `employment_type_id`, `pention_number`, `employment_status_id`, `nationality_id`, `uas_user_id`, `created_at`, `updated_at`, `first_name_am`, `father_name_am`, `grand_father_name_am`, `employee_category_id`) VALUES
(4, 'ALEMAYEHU', 'DEGARO', 'SEBERO', 'Male', '1973-08-08', NULL, 'Dawuro', NULL, NULL, NULL, '0917000415', NULL, NULL, '548002023', 1, 1, 2, 59, 2, 125, '1993-02-08', 55, 3, NULL, NULL, 1, NULL, '2023-01-25 00:12:47', '2023-03-06 07:24:41', 'አለማየሁ', 'ደጋሮ', 'ሰበሮ', 1),
(5, 'AZEB', 'DEMKE', 'ASEFAW', 'Female', '1987-05-09', NULL, 'Jimma', NULL, NULL, NULL, '0977922066', NULL, NULL, '541752023', 3, 1, 2, 2, 2, 125, '2014-03-24', 41, 1, NULL, NULL, 1, NULL, '2023-01-25 00:27:15', '2023-04-07 06:20:30', 'አዜብ', 'ደመቀ', 'ስፋው', 1),
(6, 'ETSEGENET', 'ALEMAYEHU', 'YEHUNE', 'Female', '1971-12-09', NULL, 'Jimma', NULL, NULL, NULL, NULL, NULL, NULL, '321462023', 3, 1, 2, NULL, 5, 117, '2003-09-26', 26, 1, NULL, NULL, 1, NULL, '2023-01-25 00:35:03', '2023-03-06 07:45:17', 'እፀገነት', 'አለማየሁ', 'ይሁኔ', 1),
(7, 'SIYUM', 'JEMAL', 'ABAGISA', 'Male', '1985-12-24', NULL, 'jimma', NULL, NULL, NULL, '0937171164', NULL, NULL, '768562023', 1, 2, 2, 2, 1, 49, '2014-01-09', 45, 1, NULL, NULL, 1, NULL, '2023-01-25 00:38:35', '2023-03-06 07:15:25', 'ስዩም', 'ጀማል', 'አባጊሳ', 1);






INSERT INTO `employee_categories` (`id`, `name`, `created_at`, `updated_at`, `expir_date`) VALUES
(1, 'Administrative', '2023-01-01 23:20:05', '2023-01-26 05:57:15', NULL),
(2, 'Academic', '2023-01-01 23:20:05', '2023-04-02 19:35:42', NULL),
(3, 'Health', '2023-01-04 05:28:50', '2023-01-26 05:57:28', NULL),
(4, 'Technical', '2023-01-12 23:14:27', '2023-01-26 05:57:33', NULL),
(5, 'Research', '2023-01-12 23:15:28', '2023-01-26 05:57:38', NULL);





INSERT INTO `employee_titles` (`id`, `title`, `accronomy`, `created_at`, `updated_at`) VALUES
(1, 'Mr.[አቶ', 'Mr', '2023-01-04 05:24:34', '2023-01-12 23:29:54'),
(2, 'Miss.[ወ/ሪት', 'Miss', '2023-01-12 22:50:15', '2023-01-12 23:37:49'),
(3, 'Ms.[ወ/ሮ', 'Ms', '2023-01-12 22:51:11', '2023-01-12 23:38:19'),
(4, 'Dr.[ዶ/ር', 'Dr', '2023-01-12 23:17:07', '2023-01-12 23:30:49'),
(5, 'Sis.[ሲ/ር', 'Sis', '2023-01-12 23:17:33', '2023-01-12 23:31:09'),
(6, 'Prof.[ፕ/ር', 'Prof', '2023-01-12 23:19:38', '2023-01-12 23:31:22'),
(7, 'D.Eng.[ዶ/ኢ.', 'DrEng', '2023-01-12 23:25:46', '2023-01-12 23:31:58');



INSERT INTO `employment_statuses` (`id`, `name`, `description`, `created_at`, `updated_at`) VALUES
(1, 'Working', NULL, '2023-01-01 23:20:05', '2023-01-01 23:20:05');



INSERT INTO `employment_types` (`id`, `name`, `description`, `created_at`, `updated_at`) VALUES
(1, 'Permanent', NULL, '2023-01-01 23:20:05', '2023-01-01 23:20:05'),
(2, 'Contract', NULL, '2023-01-04 05:39:28', '2023-01-04 05:39:28'),
(3, 'Probation', NULL, '2023-04-02 21:00:52', '2023-04-02 21:00:52');


INSERT INTO `ethnicities` (`id`, `name`, `region_id`, `created_at`, `updated_at`) VALUES
(1, 'Amhara', 2, '2023-01-04 05:21:03', '2023-01-04 05:21:03'),
(2, 'Oromo', 1, '2023-01-04 05:21:12', '2023-01-04 05:21:12'),
(4, 'Somale', 3, '2023-01-12 22:29:41', '2023-01-12 22:36:42'),
(5, 'Tigre', 8, '2023-01-12 22:46:05', '2023-01-12 23:11:38'),
(6, 'Afar', 13, '2023-01-12 22:49:09', '2023-01-12 23:29:01'),
(7, 'Sidamo', 10, '2023-01-12 22:50:07', '2023-01-12 23:11:16'),
(8, 'agew', 2, '2023-01-12 22:52:29', '2023-01-12 23:28:50'),
(9, 'Welayita', 9, '2023-01-12 22:53:00', '2023-01-12 23:10:45'),
(10, 'Kontoma', 9, '2023-01-13 03:27:19', '2023-01-13 03:27:19');


INSERT INTO `evaluation_categories` (`id`, `name`, `percent`, `discription`, `created_at`, `updated_at`) VALUES
(1, 'የመንግስት ፖሊሲዎችና ስትራቴጂዎችን ተቀብሎ የመተግበር ዝግጁነትና ፍቃደኝነት::', 10, NULL, '2022-09-19 07:56:19', '2023-01-21 11:33:47'),
(2, 'ለመለወጥ ያለዉ/ያላትዝግጁነት::', 10, NULL, '2022-09-19 07:59:01', '2022-09-19 07:59:01'),
(3, 'የተከናወነ የስራ መጠን::', 15, NULL, '2022-09-19 08:00:26', '2022-09-19 08:00:26'),
(4, 'የስራ ጥራትና ቅልጥፍና::', 10, NULL, '2022-09-19 08:01:51', '2022-09-19 08:01:51'),
(5, 'የግል ባህሪያት::', 15, NULL, '2022-09-19 08:02:47', '2022-09-19 08:02:47'),
(6, 'በስራ ላይ የሚያሳየዉ/የምታሳየዉ ትብብር::', 15, NULL, '2022-09-19 08:11:41', '2022-09-19 08:11:41'),
(7, 'የስራ ተነሳሽነት::', 15, NULL, '2022-09-19 08:12:39', '2022-09-19 08:12:39'),
(8, 'ሀላፊነትን በአግባቡ መወጣት::', 10, NULL, '2022-09-19 08:13:44', '2022-09-19 08:13:44');



INSERT INTO `evaluation_levels` (`id`, `name`, `weight`, `discription`, `created_at`, `updated_at`) VALUES
(1, 'Excellent', 4, NULL, '2023-01-04 05:40:05', '2023-01-04 05:40:05'),
(2, 'Very good', 3, NULL, '2023-01-04 05:40:16', '2023-01-04 05:40:16'),
(3, 'Good', 2, NULL, '2023-01-04 05:40:21', '2023-01-04 05:40:21'),
(4, 'Poor', 1, NULL, '2023-01-04 05:40:27', '2023-01-04 05:40:27');




INSERT INTO `evaluation_periods` (`id`, `name`, `created_by_id`, `created_at`, `updated_at`) VALUES
(1, 'On', 1, '2023-01-04 05:28:35', '2023-01-04 05:28:35');




INSERT INTO `evalution_creterias` (`id`, `evaluation_category_id`, `percent`, `name`, `created_at`, `updated_at`) VALUES
(1, 1, 10, 'በመንግስት ፖሊሲዎችና ስትራተጂዎች ዪንቨርስቲዎች ያለው/ያላት ግንዛቤ', '2023-03-27 23:17:46', '2023-03-28 00:06:22'),
(2, 1, 15, 'በስራ ላይ የሚያሳየው የምታሳየው  ትብብር', '2023-03-27 23:18:34', '2023-03-28 00:09:11'),
(3, 7, 5, 'በስራ ተነሳሽነት አዳዲስ ሃሳቦችንና አሰራር ዘዴዎችን ለማመንጨት የተደረገው ጥረት', '2023-03-27 23:20:07', '2023-03-27 23:20:07'),
(4, 7, 5, 'የበላይ አመራር ሳይጠይቁ የመስራት ልምድ', '2023-03-27 23:20:57', '2023-03-27 23:20:57'),
(5, 7, 5, 'የስራን ችሎታ በየጊዜው ለማሻሻል የተደረገ ጥረት', '2023-03-27 23:21:55', '2023-03-27 23:21:55'),
(6, 6, 5, 'ሀላፊዎችና ከስራ ባልደረቦቼ ጋር ያለው/ያላት ትብብርና መግባባት', '2023-03-27 23:30:29', '2023-03-28 00:16:02'),
(7, 6, 5, 'በቡድን ስራ ላይ የሚያሳየው ትብብር', '2023-03-27 23:31:40', '2023-03-27 23:31:40'),
(8, 6, 5, 'የምክርና ገንቢ ሃሳብ ለመቀበል የሚያሳየው/የምታሳየው አንደኝነት', '2023-03-27 23:33:04', '2023-03-27 23:33:04'),
(9, 1, 10, 'ሃላፊነት በአግባቡ መወጣት', '2023-03-27 23:34:22', '2023-03-27 23:34:22'),
(10, 8, 5, 'በችሎታው የመተማመን ዝንባሌ', '2023-03-27 23:36:08', '2023-03-27 23:36:08'),
(11, 8, 5, 'በሃላፊነት መጠን አውቆ ራስን በራስ በመቆጣጠር የመስራት ባህል', '2023-03-27 23:36:54', '2023-03-27 23:36:54'),
(12, 2, 4, 'በተቃሚዋ የለውጥ እንቅስቃሴ ውስጥ የሚኖር ተሳትፎና ስተዋጽኦ', '2023-03-27 23:38:20', '2023-03-27 23:38:20'),
(13, 2, 3, 'ተለዋዋጭ ሁኔታዎችን ተቀብሎ የማስተናገድ ብቃት', '2023-03-27 23:39:36', '2023-03-27 23:39:36'),
(14, 2, 3, 'ያለመግባባት ወይም ያልተለመዱ ሁኔታዎች ሲያጋጥሙ የመቋቋም ችሎታ', '2023-03-27 23:44:48', '2023-03-27 23:44:48'),
(15, 3, 8, 'በተወሰነ ጊዜ ውስጥ ባለሙያው የተከናወነ የስራው ውጤት መጠን', '2023-03-27 23:45:48', '2023-03-27 23:45:48'),
(16, 3, 7, 'የተከናወነ የስራ መጠን ሌሎች የስራ ባልደረቦች ካከናወኑ አንፃር ሲመዘን', '2023-03-27 23:46:30', '2023-03-27 23:46:30'),
(17, 4, 5, 'የስራ በትክክልና በጥናት ለማከናወን ያለው/ያላት ችሎታ', '2023-03-27 23:48:25', '2023-03-27 23:48:25'),
(18, 4, 5, 'በተፈለገው ወቅት እና ቅደም ተከተል ስራን ለማጠናቀቅ የሚያሳየው/የምታሳየው ትጋት', '2023-03-27 23:49:17', '2023-03-27 23:49:17'),
(19, 5, 3, 'አዘውትሮ ሸራ ላይ መገኘትና የስራ ሰአትን በመስሪያቤቱ ስራ ብቻ የመዋል ልምድ', '2023-03-27 23:51:26', '2023-03-27 23:51:26'),
(20, 5, 3, 'በመስሪያ ቤቱ ውስጥ አስነዋሪ ጠባይ አለማሳየት የግል ንጽህና ለመጠበቅ የሚያደርገውን የምታደርገው ጥንቃቄ', '2023-03-27 23:53:50', '2023-03-27 23:53:50'),
(21, 5, 3, 'ለስራው እና ለመስሪያ ቤቱ ያለው /ያላት ተቆርቋሪነት', '2023-03-27 23:54:49', '2023-03-27 23:54:49'),
(22, 5, 3, 'ለተገልጋይ ያላት/ያለው አክብሮትና መስተንግዶ', '2023-03-27 23:55:27', '2023-03-27 23:55:27'),
(23, 5, 3, 'ሙስና እና ብልሹ አሰራርን የመግባባት አቅም', '2023-03-27 23:57:09', '2023-03-27 23:57:09'),
(24, 1, 15, 'የስራ ተነሳሽነት', '2023-03-28 00:11:50', '2023-03-28 00:11:50');



INSERT INTO `experience_comparison_criterias` (`id`, `position_value_id`, `min_year`, `max_year`, `value`, `created_at`, `updated_at`) VALUES
(1, 6, 10, 10, 15.00, '2023-03-27 02:22:58', '2023-03-27 02:22:58'),
(2, 2, 10, 10, 30.00, '2023-03-27 02:23:40', '2023-03-27 02:23:40'),
(3, 6, 7, 7, 12.50, '2023-03-27 02:24:36', '2023-03-27 02:24:36'),
(4, 2, 7, 7, 25.00, '2023-03-27 02:24:53', '2023-03-27 02:24:53'),
(5, 6, 5, 5, 10.00, '2023-03-27 02:25:10', '2023-03-27 02:25:10'),
(6, 2, 5, 5, 20.00, '2023-03-27 02:25:41', '2023-03-27 02:25:41'),
(7, 6, 0, 1, 7.50, '2023-03-27 02:26:48', '2023-03-27 02:26:48'),
(8, 2, 0, 4, 15.00, '2023-03-27 02:27:05', '2023-03-27 02:27:05');




INSERT INTO `family_relationships` (`id`, `name`, `gender`, `created_at`, `updated_at`) VALUES
(1, 'Child', 'Male', '2023-01-04 05:24:55', '2023-01-04 05:24:55'),
(3, 'Mother', 'Female', '2023-01-04 05:25:30', '2023-01-04 05:25:30'),
(4, 'Father', 'Male', '2023-01-04 05:25:37', '2023-01-04 05:25:37'),
(5, 'Spouse', 'Female', '2023-01-04 05:25:48', '2023-01-04 05:25:48');



INSERT INTO `field_of_studies` (`id`, `name`, `description`, `created_at`, `updated_at`) VALUES
(1, 'computer Science', 'computer Science', '2023-01-04 22:57:14', '2023-01-04 22:57:25'),
(2, 'Biology', NULL, '2023-01-10 22:50:17', '2023-01-10 22:50:17'),
(3, 'Chemistry', NULL, '2023-01-10 22:50:17', '2023-01-10 22:50:17'),
(4, 'Physics', NULL, '2023-01-10 22:50:17', '2023-01-10 22:50:17'),
(5, 'Mathematics', NULL, '2023-01-10 22:50:17', '2023-01-10 22:50:17'),
(6, 'Engineering', NULL, '2023-01-10 22:50:17', '2023-01-10 22:50:17'),
(7, 'Economics', NULL, '2023-01-10 22:50:17', '2023-01-10 22:50:17'),
(8, 'Business Administration', NULL, '2023-01-10 22:50:17', '2023-01-12 22:00:49'),
(9, 'Psychology', NULL, '2023-01-10 22:50:17', '2023-01-10 22:50:17'),
(10, 'Sociology', NULL, '2023-01-10 22:50:17', '2023-01-10 22:50:17'),
(11, 'Anthropology', NULL, '2023-01-10 22:50:17', '2023-01-10 22:50:17'),
(12, 'History', NULL, '2023-01-10 22:50:17', '2023-01-10 22:50:17'),
(13, 'Art', NULL, '2023-01-10 22:50:17', '2023-01-10 22:50:17'),
(14, 'Music', NULL, '2023-01-10 22:50:17', '2023-01-10 22:50:17'),
(15, 'Literature', NULL, '2023-01-10 22:50:17', '2023-01-10 22:50:17'),
(16, 'Law', NULL, '2023-01-10 22:50:17', '2023-01-10 22:50:17'),
(17, 'International relation and political science', NULL, '2023-01-10 22:50:17', '2023-01-16 07:01:38'),
(18, 'Linguistics', NULL, '2023-01-10 22:50:17', '2023-01-10 22:50:17'),
(19, 'Philosophy', NULL, '2023-01-10 22:50:17', '2023-01-10 22:50:17'),
(20, 'Geography', NULL, '2023-01-10 22:50:17', '2023-01-10 22:50:17'),
(21, 'Earth Sciences', NULL, '2023-01-10 22:50:17', '2023-01-10 22:50:17'),
(22, 'Astronomy', NULL, '2023-01-10 22:50:17', '2023-01-10 22:50:17'),
(23, 'Medicine', NULL, '2023-01-10 22:50:17', '2023-01-10 22:50:17'),
(24, 'Software engineering', NULL, '2023-01-10 22:50:17', '2023-01-10 22:50:17'),
(25, 'Data science', NULL, '2023-01-10 22:50:17', '2023-01-10 22:50:17'),
(26, 'Computer engineering', NULL, '2023-01-10 22:50:17', '2023-01-10 22:50:17'),
(27, 'Information systems', NULL, '2023-01-10 22:50:17', '2023-01-10 22:50:17'),
(28, 'Artificial intelligence', NULL, '2023-01-10 22:50:17', '2023-01-10 22:50:17'),
(30, 'Cybersecurity', NULL, '2023-01-10 22:50:17', '2023-01-10 22:50:17'),
(31, 'Game development', NULL, '2023-01-10 22:50:17', '2023-01-10 22:50:17'),
(32, 'Computer graphics', NULL, '2023-01-10 22:50:17', '2023-01-10 22:50:17'),
(33, 'Computer animation', NULL, '2023-01-10 22:50:17', '2023-01-10 22:50:17'),
(34, 'Cloud computing', NULL, '2023-01-10 22:50:17', '2023-01-10 22:50:17'),
(35, 'Accounting and Finance', NULL, '2023-01-10 22:50:17', '2023-01-12 21:17:15'),
(36, 'Archaeology', NULL, '2023-01-10 22:50:17', '2023-01-10 22:50:17'),
(37, 'Architecture', NULL, '2023-01-10 22:50:17', '2023-01-10 22:50:17'),
(38, 'Art History', NULL, '2023-01-10 22:50:17', '2023-01-10 22:50:17'),
(39, 'Biochemistry', NULL, '2023-01-10 22:50:17', '2023-01-10 22:50:17'),
(40, 'Bioinformatics', NULL, '2023-01-10 22:50:17', '2023-01-10 22:50:17'),
(41, 'Business', NULL, '2023-01-10 22:50:17', '2023-01-10 22:50:17'),
(42, 'Criminology', NULL, '2023-01-10 22:50:17', '2023-01-10 22:50:17'),
(43, 'English', NULL, '2023-01-10 22:50:17', '2023-01-10 22:50:17'),
(44, 'Environmental Science', NULL, '2023-01-10 22:50:17', '2023-01-10 22:50:17'),
(45, 'Finance', NULL, '2023-01-10 22:50:17', '2023-01-10 22:50:17'),
(46, 'Management', NULL, '2023-01-10 22:50:17', '2023-01-10 22:50:17'),
(47, 'Marketing', NULL, '2023-01-10 22:50:17', '2023-01-10 22:50:17'),
(48, 'Information technology(IT)', NULL, '2023-01-12 21:16:57', '2023-01-16 06:43:24'),
(49, 'Accounting', NULL, '2023-01-12 21:17:29', '2023-01-12 21:17:29'),
(50, 'Kelem[grade 1-8]', NULL, '2023-01-15 23:33:08', '2023-01-17 08:28:35'),
(52, 'Secretarial Science and Office Management', NULL, '2023-01-15 23:43:29', '2023-01-16 06:47:12'),
(54, 'Banking', NULL, '2023-01-15 23:46:57', '2023-01-15 23:46:57'),
(55, 'Adult-education', NULL, '2023-01-16 06:00:31', '2023-01-16 06:01:25'),
(56, 'Adult health nursing', NULL, '2023-01-16 06:01:09', '2023-01-16 06:01:09'),
(57, 'Aeronautical Engineering', NULL, '2023-01-16 06:01:53', '2023-01-16 06:01:53'),
(58, 'Agribusiness Management', NULL, '2023-01-16 06:02:57', '2023-01-16 06:02:57'),
(59, 'Agricultural extension', NULL, '2023-01-16 06:03:47', '2023-01-16 06:03:47'),
(60, 'Agricultural Economics', NULL, '2023-01-16 06:04:11', '2023-01-16 06:04:11'),
(61, 'Agricultural Information Communication and Management', NULL, '2023-01-16 06:05:09', '2023-01-16 06:05:09'),
(62, 'Agricultural Machinery', NULL, '2023-01-16 06:05:36', '2023-01-16 06:05:36'),
(63, 'Agricultural Mechanization', NULL, '2023-01-16 06:06:14', '2023-01-16 06:06:14'),
(64, 'Agricultural Michanzem', NULL, '2023-01-16 06:07:26', '2023-01-16 06:07:26'),
(65, 'Agricultural Science', NULL, '2023-01-16 06:08:00', '2023-01-16 06:08:00'),
(66, 'Agriculture', NULL, '2023-01-16 06:08:16', '2023-01-16 06:08:16'),
(67, 'Agriculture Engineering', NULL, '2023-01-16 06:08:38', '2023-01-16 06:08:38'),
(68, 'Agriculture Machanayztion', NULL, '2023-01-16 06:09:35', '2023-01-16 06:10:52'),
(69, 'Agroclimatology', NULL, '2023-01-16 06:11:24', '2023-01-16 06:11:24'),
(70, 'Agro Forestry', NULL, '2023-01-16 06:12:08', '2023-01-16 06:12:08'),
(71, 'Agro Meteorology', NULL, '2023-01-16 06:12:39', '2023-01-16 06:12:39'),
(72, 'Agronomy', NULL, '2023-01-16 06:13:03', '2023-01-16 06:13:03'),
(73, 'Aircraft Technician', NULL, '2023-01-16 06:14:00', '2023-01-16 06:14:00'),
(74, 'Algebra', NULL, '2023-01-16 06:14:25', '2023-01-16 06:14:25'),
(75, 'Amharic Teacher', NULL, '2023-01-16 06:15:00', '2023-01-16 06:15:00'),
(76, 'Analytical Chemistry', NULL, '2023-01-16 06:15:29', '2023-01-16 06:15:29'),
(77, 'Anesthetist', NULL, '2023-01-16 06:15:53', '2023-01-16 06:15:53'),
(78, 'Animal Biotechnology', NULL, '2023-01-16 06:16:16', '2023-01-16 06:16:16'),
(79, 'Animal Breeding', NULL, '2023-01-16 06:16:49', '2023-01-16 06:16:49'),
(80, 'Animal Health Science', NULL, '2023-01-16 06:17:21', '2023-01-16 06:17:21'),
(81, 'Animal Nutrition', NULL, '2023-01-16 06:17:52', '2023-01-16 06:17:52'),
(82, 'Animal Production', NULL, '2023-01-16 06:18:42', '2023-01-16 06:18:42'),
(83, 'Animal Science', NULL, '2023-01-16 06:19:16', '2023-01-16 06:19:16'),
(85, 'Applied Biology', NULL, '2023-01-16 06:21:03', '2023-01-16 06:21:03'),
(87, 'Applied Chemistry', NULL, '2023-01-16 06:22:11', '2023-01-16 06:22:11'),
(88, 'Applied Mathematics', NULL, '2023-01-16 06:22:48', '2023-01-16 06:22:48'),
(89, 'Arabic Language', NULL, '2023-01-16 06:23:15', '2023-01-16 06:23:15'),
(90, 'Archeology And Heritage Management', NULL, '2023-01-16 06:24:14', '2023-01-16 06:24:14'),
(92, 'Architecture And Urban Planning', NULL, '2023-01-16 06:25:40', '2023-01-16 06:25:40'),
(93, 'Armament Engineering', NULL, '2023-01-16 06:26:12', '2023-01-16 06:26:12'),
(95, 'Arts', NULL, '2023-01-16 06:27:34', '2023-01-16 06:27:34'),
(96, 'Assistant Teacher', NULL, '2023-01-16 06:28:02', '2023-01-16 06:28:02'),
(97, 'Astronautical Engineering', NULL, '2023-01-16 06:28:29', '2023-01-16 06:28:29'),
(98, 'Astrophysics', NULL, '2023-01-16 06:28:49', '2023-01-16 06:28:49'),
(99, 'Astrospace Engineering', NULL, '2023-01-16 06:29:33', '2023-01-16 06:29:33'),
(100, 'Athletics Sport', NULL, '2023-01-16 06:29:57', '2023-01-16 06:29:57'),
(101, 'Atmospheric Physics', NULL, '2023-01-16 06:30:34', '2023-01-16 06:30:34'),
(102, 'Atomic Physics', NULL, '2023-01-16 06:31:04', '2023-01-16 06:31:04'),
(103, 'Audio Visual', NULL, '2023-01-16 06:31:35', '2023-01-16 06:31:35'),
(104, 'Auditing', NULL, '2023-01-16 06:31:50', '2023-01-16 06:31:50'),
(105, 'Auto Electrician', NULL, '2023-01-16 06:32:35', '2023-01-16 06:32:35'),
(106, 'Automation Engineering', NULL, '2023-01-16 06:33:00', '2023-01-16 06:33:00'),
(107, 'Automotive Technology', NULL, '2023-01-16 06:33:29', '2023-01-16 06:33:29'),
(108, 'Automotive Management', NULL, '2023-01-16 06:34:25', '2023-01-16 06:34:25'),
(109, 'Baker', NULL, '2023-01-16 06:34:58', '2023-01-16 06:34:58'),
(110, 'Baresta', NULL, '2023-01-16 06:35:51', '2023-01-16 06:35:51'),
(111, 'Bar Tender', NULL, '2023-01-16 06:36:15', '2023-01-16 06:36:15'),
(112, 'Record Management', NULL, '2023-01-16 06:52:02', '2023-01-16 06:52:02'),
(113, 'Library Science', NULL, '2023-01-16 06:52:22', '2023-01-16 06:52:22'),
(114, 'Public Administaration', NULL, '2023-01-16 07:00:35', '2023-01-16 07:00:35'),
(115, 'Human Resource and leadership', NULL, '2023-01-16 07:02:04', '2023-01-16 07:02:04'),
(116, 'Statistics', NULL, '2023-01-16 07:05:52', '2023-01-16 07:05:52'),
(117, 'Business Management', NULL, '2023-01-17 02:01:53', '2023-01-17 02:01:53'),
(118, 'Leadership', NULL, '2023-01-17 08:12:03', '2023-01-17 08:12:03'),
(119, 'Good governance', NULL, '2023-01-17 08:12:17', '2023-01-17 08:12:17'),
(120, 'Civics and Ethical Education', NULL, '2023-01-17 08:16:47', '2023-01-17 08:17:07'),
(121, 'Development studies', NULL, '2023-01-17 08:22:11', '2023-01-17 08:22:11'),
(122, 'Urban Planning', NULL, '2023-01-17 08:23:56', '2023-01-17 08:23:56'),
(123, 'Social Work', NULL, '2023-01-17 08:26:57', '2023-01-17 08:26:57'),
(124, 'Suply Managment', NULL, '2023-01-17 08:45:53', '2023-01-17 08:45:53'),
(125, 'Business and Economics', NULL, '2023-01-23 06:05:26', '2023-01-23 06:05:26'),
(126, 'Accounting & Budget Service', NULL, '2023-01-23 06:22:56', '2023-01-23 06:22:56'),
(127, 'Purchasing & Supplies', NULL, '2023-01-25 00:57:35', '2023-01-25 00:57:35'),
(128, 'Political Science', NULL, '2023-01-25 01:29:10', '2023-01-25 01:29:10'),
(129, 'Web development', NULL, '2023-01-25 01:29:10', '2023-01-25 01:29:10'),
(130, 'Database  Administration', NULL, '2023-01-25 01:29:34', '2023-01-25 01:29:34'),
(131, 'Kelem', NULL, '2023-01-25 01:31:46', '2023-01-25 01:31:46');


INSERT INTO `form_styles` (`id`, `name`, `created_by_id`, `created_at`, `updated_at`) VALUES
(1, 'Select Box', 1, '2023-01-04 05:28:25', '2023-01-04 05:28:25');



INSERT INTO `internal_experiences` (`id`, `employee_id`, `unit_id`, `job_title_id`, `position`, `start_date`, `end_date`, `created_at`, `updated_at`) VALUES
(1, 20, 1, 8, NULL, '1999-01-15', '2004-07-03', '2023-03-24 06:53:25', '2023-03-24 06:58:44'),
(2, 20, 1, 28, NULL, '2005-11-01', NULL, '2023-03-24 06:57:02', '2023-03-24 06:57:02'),
(3, 30, 1, 23, NULL, '2011-11-01', '2013-03-02', '2023-03-27 01:39:37', '2023-03-27 01:42:17'),
(4, 30, 1, 56, NULL, '2009-10-01', '2011-10-30', '2023-03-27 01:40:54', '2023-03-27 01:40:54'),
(5, 30, 1, 1, NULL, '2013-03-01', NULL, '2023-03-27 01:43:34', '2023-03-27 01:43:34'),
(6, 29, 1, 47, NULL, '2000-03-15', '2006-12-12', '2023-03-27 01:45:19', '2023-03-27 01:47:23'),
(7, 29, 1, 8, NULL, '2011-07-05', NULL, '2023-03-27 01:47:51', '2023-03-27 01:47:51'),
(8, 28, 1, 48, NULL, '2005-07-22', '2007-07-30', '2023-03-27 01:49:06', '2023-03-27 01:49:06'),
(9, 28, 1, 8, NULL, '2007-08-01', '2011-10-30', '2023-03-27 01:49:52', '2023-03-27 01:49:52'),
(10, 28, 1, 27, NULL, '2011-11-01', NULL, '2023-03-27 01:50:33', '2023-03-27 01:50:33'),
(11, 23, 1, 57, NULL, '1998-01-05', '2003-01-25', '2023-03-27 01:51:49', '2023-03-27 01:51:49'),
(12, 23, 1, 7, NULL, '2005-01-23', '2011-10-30', '2023-03-27 01:52:47', '2023-03-27 01:53:51'),
(13, 23, 1, 1, NULL, '2011-11-01', NULL, '2023-03-27 01:55:13', '2023-03-27 01:55:13'),
(14, 27, 1, 58, NULL, '2008-03-01', '2011-10-30', '2023-03-27 01:57:33', '2023-03-27 01:58:58'),
(15, 27, 1, 23, NULL, '2011-11-01', '2013-11-30', '2023-03-27 02:00:03', '2023-03-27 02:00:03'),
(16, 27, 1, 54, NULL, '2013-12-01', NULL, '2023-03-27 02:01:05', '2023-03-27 02:01:05'),
(17, 16, 1, 59, NULL, '2009-09-23', '2010-12-23', '2023-03-27 02:04:48', '2023-03-27 02:04:48'),
(18, 16, 1, 23, NULL, '2013-03-08', NULL, '2023-03-27 02:05:32', '2023-03-27 02:05:32'),
(19, 25, 1, 60, NULL, '1998-03-20', '2011-10-30', '2023-03-27 02:07:02', '2023-03-27 02:07:45'),
(20, 25, 1, 27, NULL, '2011-11-01', NULL, '2023-03-27 02:09:31', '2023-03-27 02:09:31'),
(21, 22, 1, 8, NULL, '1999-04-02', '2005-07-22', '2023-03-27 02:10:42', '2023-03-27 02:10:42'),
(22, 22, 1, 9, NULL, '2005-07-23', '2005-10-30', '2023-03-27 02:11:43', '2023-03-27 02:11:43'),
(23, 22, 1, 61, NULL, '2005-11-01', '2006-05-01', '2023-03-27 02:13:59', '2023-03-27 02:13:59'),
(24, 22, 1, 7, NULL, '2008-06-01', '2011-10-30', '2023-03-27 02:14:55', '2023-03-27 02:14:55'),
(25, 22, 1, 1, NULL, '2011-11-01', NULL, '2023-03-27 02:16:05', '2023-03-27 02:16:05'),
(26, 26, 1, 76, NULL, '1994-10-01', '2006-01-13', '2023-03-27 02:19:37', '2023-03-27 02:19:37'),
(27, 26, 1, 63, NULL, '2006-01-01', '2007-03-03', '2023-03-27 02:20:46', '2023-03-27 02:20:46'),
(28, 26, 1, 63, NULL, '2007-04-01', '2011-10-30', '2023-03-27 02:22:07', '2023-03-27 02:22:07'),
(29, 26, 1, 32, NULL, '2011-11-01', NULL, '2023-03-27 02:24:03', '2023-03-27 02:24:03'),
(30, 21, 1, 9, NULL, '2015-02-02', '2011-10-30', '2023-03-27 02:32:12', '2023-03-27 02:32:12'),
(31, 21, 1, 1, NULL, '2011-11-01', NULL, '2023-03-27 02:43:08', '2023-03-27 02:43:08'),
(32, 35, 1, 66, NULL, '2009-04-11', '2010-10-30', '2023-03-27 02:49:20', '2023-03-27 02:49:20');



INSERT INTO `i_d_cards` (`id`, `name`, `front_page`, `back_page`, `seal`, `signature`, `front_page_tab`, `back_page_tab`, `front_page_template`, `back_page_template`, `created_at`, `updated_at`) VALUES
(1, 'ICT Dept', '1672657274_hrm3.png', '1672657274_hrm3.png', '1672657274_no_change.png', '1672657274_pending.png', NULL, NULL, NULL, NULL, '2023-01-02 02:01:14', '2023-01-02 02:01:14');



INSERT INTO `job_grades` (`id`, `level_id`, `start_salary`, `one`, `two`, `three`, `four`, `five`, `six`, `seven`, `eight`, `nine`, `ceil_salary`, `created_at`, `updated_at`) VALUES
(1, 1, '1100', '1174', '1253', '1338', '1428', '1523', '1624', '1731', '1843', '1958', '2079', '2023-01-04 05:39:01', '2023-01-05 03:10:32'),
(2, 2, '1338', '1428', '1523', '1624', '1731', '1843', '1958', '2079', '2208', '2344', '2487', '2023-01-04 05:52:26', '2023-01-05 03:08:27'),
(3, 3, '1624', '1731', '1843', '1958', '2079', '2208', '2344', '2478', '2638', '2799', '2969', '2023-01-05 03:17:45', '2023-01-05 03:17:45'),
(4, 4, '1958', '2079', '2208', '2344', '2487', '2638', '2799', '2969', '3150', '3333', '3526', '2023-01-05 03:23:33', '2023-01-05 03:23:33'),
(5, 5, '2344', '2487', '2638', '2799', '2969', '3150', '3333', '3526', '3729', '3934', '4150', '2023-01-05 03:26:09', '2023-01-05 03:26:09'),
(6, 6, '2799', '2969', '3150', '3333', '3526', '3729', '3934', '4150', '4379', '4609', '4851', '2023-01-05 03:28:38', '2023-01-05 03:28:38'),
(7, 7, '3333', '3526', '3729', '3934', '4150', '4379', '4609', '4851', '5098', '5358', '5626', '2023-01-05 03:30:49', '2023-01-05 03:30:49'),
(8, 8, '3934', '4150', '4379', '4609', '4851', '5098', '5358', '5626', '5907', '6193', '6481', '2023-01-05 03:33:26', '2023-01-05 03:33:26'),
(9, 9, '4609', '4851', '5098', '5358', '5626', '5907', '6193', '6481', '6773', '7071', '7377', '2023-01-05 03:35:34', '2023-01-05 03:35:34'),
(10, 10, '5358', '5626', '5907', '6193', '6481', '6773', '7071', '7377', '7690', '8017', '8354', '2023-01-05 03:39:08', '2023-01-05 03:39:08'),
(11, 11, '6193', '6481', '6773', '7071', '7377', '7690', '8017', '8354', '8705', '9056', '9420', '2023-01-05 03:43:50', '2023-01-05 03:43:50'),
(12, 12, '7071', '7377', '7690', '8017', '8354', '8705', '9056', '9420', '9785', '10150', '10521', '2023-01-05 03:46:27', '2023-01-05 03:46:27'),
(13, 13, '8017', '8354', '8705', '9056', '9420', '9785', '10150', '10521', '10906', '11305', '11719', '2023-01-05 03:49:22', '2023-01-05 03:49:22'),
(14, 14, '9056', '9420', '9785', '10150', '10521', '10906', '11305', '11719', '12148', '12579', '13013', '2023-01-05 03:53:12', '2023-01-05 03:53:12'),
(15, 15, '10150', '10521', '10906', '11305', '11719', '12148', '12579', '13013', '13462', '13926', '14400', '2023-01-05 03:55:32', '2023-01-05 03:55:32'),
(16, 16, '11305', '11719', '12148', '12579', '13013', '13462', '13926', '14400', '14890', '15396', '15912', '2023-01-05 21:41:31', '2023-01-05 21:41:31'),
(17, 17, '12579', '13013', '13462', '13926', '14400', '14890', '15396', '15912', '16437', '16979', '17531', '2023-01-05 21:47:14', '2023-01-05 21:47:14'),
(18, 18, '13926', '14400', '14890', '15396', '15912', '16437', '16979', '17531', '18092', '18671', '19252', '2023-01-05 21:50:04', '2023-01-05 21:50:04'),
(19, 19, '15396', '15912', '16437', '16979', '17531', '18092', '18671', '19252', '19850', '20468', '21092', '2023-01-05 21:54:06', '2023-01-05 21:54:06'),
(20, 20, '16979', '17531', '18092', '18671', '19252', '19850', '20468', '21092', '21725', '22361', '23005', '2023-01-05 21:56:37', '2023-01-05 21:56:37'),
(21, 21, '18671', '19252', '19850', '20468', '21092', '21725', '22361', '23005', '23654', '24305', '24961', '2023-01-05 21:59:01', '2023-01-05 21:59:01'),
(22, 22, '20468', '21092', '21725', '22361', '23005', '23654', '24305', '24961', '25622', '26288', '26959', '2023-01-05 22:01:36', '2023-01-05 22:01:36');



INSERT INTO `job_titles` (`id`, `name`, `job_title_category_id`, `level_id`, `position_type_id`, `educational_level_id`, `job_code`, `description`, `total_minimum_work_experience`, `work_experience`, `created_at`, `updated_at`) VALUES
(1, 'ኤክዝክዩቲቭ ሴክሬታሪ I', 3, 9, 2, 2, NULL, NULL, 0.00, 4.00, '2023-01-13 00:24:02', '2023-01-23 23:52:41'),
(6, 'ሶፍትዎር ፕሮግራምር I', 2, 8, 2, 1, NULL, NULL, 0.00, 0.00, '2023-01-13 04:06:33', '2023-01-15 23:54:16'),
(7, 'ሴክሬታሪ II', 3, 8, 2, 2, NULL, NULL, 0.00, 2.00, '2023-01-13 04:11:39', '2023-01-15 23:30:47'),
(8, 'ተላላኪ', 6, 2, 2, 9, NULL, NULL, 0.00, 0.00, '2023-01-15 23:39:56', '2023-01-15 23:39:56'),
(9, 'ሴክሬተሪ I', 3, 7, 2, 2, NULL, NULL, 0.00, 0.00, '2023-01-15 23:41:44', '2023-01-15 23:41:44'),
(10, 'የፋይናንስ ቡድን መሪ I', 4, 13, 1, 1, NULL, NULL, 0.00, 7.00, '2023-01-15 23:50:01', '2023-01-15 23:50:01'),
(11, 'የሶፍትዌር ልማት ቡድን መሪ', 2, 14, 1, 4, NULL, NULL, 0.00, 8.00, '2023-01-15 23:56:39', '2023-01-16 00:04:52'),
(12, 'የሶፍትዌር ፕሮግራመር II', 2, 9, 2, 1, NULL, NULL, 0.00, 2.00, '2023-01-15 23:57:46', '2023-01-15 23:57:46'),
(13, 'የሶፍትዌር ፕሮግራመር III', 2, 9, 2, 1, NULL, NULL, 0.00, 6.00, '2023-01-15 23:58:31', '2023-01-15 23:58:31'),
(14, 'ሶፍትዌር ፕሮግራመር IV', 2, 13, 2, 1, NULL, NULL, 0.00, 8.00, '2023-01-16 00:03:52', '2023-01-16 00:03:52'),
(15, 'የትምህርትና ምርምር ቴክኖሎጂዎች ቡድን መሪ', 2, 14, 1, 4, NULL, NULL, 0.00, 8.00, '2023-01-16 00:04:42', '2023-01-16 00:04:42'),
(17, 'የእቅድ ዝግጅት፣ክትትልና ግምገማ ባለሙያ I', 16, 8, 2, 1, NULL, NULL, 0.00, 0.00, '2023-01-17 02:09:28', '2023-01-17 02:10:21'),
(18, 'የሴቶችና ህጻናት ጉዳይ ባለሙያ II', 17, 9, 2, 1, NULL, NULL, 0.00, 2.00, '2023-01-17 02:17:48', '2023-01-17 02:17:48'),
(19, 'የወጣቶች ጉዳይ ባለሙያ  II', 18, 9, 2, 1, NULL, NULL, 0.00, 2.00, '2023-01-17 02:19:31', '2023-01-17 02:19:31'),
(20, 'የሥነ-ምግባርና ጸረ ሙስና ባለሙያ II', 19, 9, 2, 1, NULL, NULL, 0.00, 2.00, '2023-01-17 07:06:53', '2023-01-17 07:06:53'),
(21, 'የለውጥና መልካም አስተዳደር ባለሙያ II', 20, 9, 2, 1, NULL, NULL, 0.00, 2.00, '2023-01-17 07:08:34', '2023-01-17 07:08:34'),
(22, 'የተማሪዎች ቅበላና ምዝገባ ባለሙያ III', 14, 10, 2, 1, NULL, NULL, 0.00, 4.00, '2023-01-17 07:12:11', '2023-01-17 07:12:11'),
(23, 'ዳታ ኢንኮደር  III', 8, 8, 2, 2, NULL, NULL, 0.00, 4.00, '2023-01-17 07:13:39', '2023-01-17 07:13:39'),
(24, 'ማኔጂንግ ዳይሬክተር', 15, 16, 2, 1, NULL, NULL, 0.00, 10.00, '2023-01-17 07:16:02', '2023-01-17 07:16:02'),
(25, 'የሰዉ ሃብት አስተዳደርና ልማት ቡድን መሪ I', 13, 13, 1, 1, NULL, NULL, 0.00, 7.00, '2023-01-17 07:18:56', '2023-01-17 07:19:06'),
(26, 'የቢሮና የመማሪያ ክፍሎች አደራጅ ቁጥጥር ሰራተኛ', 11, 7, 2, 2, NULL, NULL, 0.00, 4.00, '2023-01-17 08:36:00', '2023-01-23 23:50:54'),
(27, 'የፎቶ ኮፒና ማባዣ ሠራተኛ I', 12, 4, 2, 7, NULL, NULL, 0.00, 0.00, '2023-01-17 08:36:55', '2023-01-23 23:50:33'),
(28, 'የኮምፒውተር ላብራቶሪ አቴንዳንት', 9, 7, 2, 2, NULL, NULL, 0.00, 2.00, '2023-01-17 08:38:11', '2023-01-17 08:38:11'),
(29, 'የጠቅላላ አገልግሎት ኃላፊ I', 21, 13, 1, 1, NULL, NULL, 0.00, 4.00, '2023-01-17 08:43:07', '2023-01-23 23:49:19'),
(30, 'የንብረት ምዝገባና ቁጥጥር ሠራተኛ II', 21, 7, 2, 2, NULL, NULL, 0.00, 2.00, '2023-01-17 08:43:54', '2023-01-17 08:43:54'),
(31, 'የንብረት ምዝገባና ቁጥጥር ሠራተኛ III', 21, 8, 2, 2, NULL, NULL, 0.00, 4.00, '2023-01-17 08:44:30', '2023-01-17 08:44:30'),
(32, 'እቃ ግምጃ ቤት ኃላፊ I', 21, 9, 2, 2, NULL, NULL, 0.00, 2.00, '2023-01-17 08:45:39', '2023-01-17 08:45:39'),
(33, 'የንብረት ሥራ አመራር አገልግሎትኃላፊ I', 21, 12, 1, 1, NULL, NULL, 0.00, 7.00, '2023-01-17 08:46:57', '2023-01-17 08:46:57'),
(34, 'የግዥ ሠራተኛ II', 7, 7, 2, 2, NULL, NULL, 0.00, 2.00, '2023-01-17 08:48:06', '2023-01-23 23:51:51'),
(35, 'የግዥ ባለሙያ III', 7, 11, 2, 1, NULL, NULL, 0.00, 4.00, '2023-01-17 08:49:21', '2023-01-17 08:52:54'),
(36, 'የግዥ ቡድን መሪ I', 7, 13, 1, 1, NULL, NULL, 0.00, 7.00, '2023-01-17 08:52:42', '2023-01-17 08:52:42'),
(37, 'የሒሳብ ሰነድ ያዥ I', 4, 7, 2, 2, NULL, NULL, 0.00, 0.00, '2023-01-17 08:58:20', '2023-01-17 08:58:20'),
(38, 'ረዳት ገንዘብ ያዥ I', 4, 6, 2, 2, NULL, NULL, 0.00, 0.00, '2023-01-17 09:02:42', '2023-01-17 09:02:42'),
(39, 'የሒሳብ ሠራተኛ III', 4, 9, 2, 2, NULL, NULL, 0.00, 4.00, '2023-01-17 09:03:12', '2023-01-23 23:52:21'),
(40, 'አካውንታንት I', 4, 8, 2, 1, NULL, NULL, 0.00, 0.00, '2023-01-17 09:05:30', '2023-01-17 09:05:30'),
(41, 'አካውንታንት III', 4, 11, 2, 1, NULL, NULL, 0.00, 4.00, '2023-01-17 09:09:16', '2023-01-17 09:09:16'),
(42, 'የሪከርድና ማህደር ሠራተኛ I', 10, 6, 2, 2, NULL, NULL, 0.00, 0.00, '2023-01-17 09:49:29', '2023-01-23 23:51:22'),
(43, 'የሪከርድና ማህደር ሠራተኛ II', 10, 7, 2, 2, NULL, NULL, 0.00, 2.00, '2023-01-17 09:50:03', '2023-01-23 23:51:14'),
(44, 'የሰው ሀብት አስተዳደርና ልማት ባለሙያ I', 13, 8, 2, 1, NULL, NULL, 0.00, 0.00, '2023-01-17 09:52:20', '2023-01-17 09:52:20'),
(45, 'የሰው ሀብት አስተዳደርና ልማት ባለሙያ III', 13, 11, 2, 1, NULL, NULL, 0.00, 4.00, '2023-01-17 09:53:17', '2023-01-23 23:48:54'),
(46, 'ሰዓት ተቆጣጣሪ', 13, 2, 2, 8, NULL, NULL, 0.00, 0.00, '2023-03-25 01:25:45', '2023-03-25 01:36:00'),
(47, 'የተማሪዎች ምግብ ምደራጃ የፅዳት ስራ', 22, 1, 2, 7, NULL, NULL, 0.00, 0.00, '2023-03-27 01:00:01', '2023-03-27 01:00:01'),
(48, 'መስተንግዶ', 22, 1, 2, 7, NULL, NULL, 0.00, 0.00, '2023-03-27 01:00:57', '2023-03-27 01:00:57'),
(49, 'Libraray Attendant', 22, 1, 2, 2, NULL, NULL, 0.00, 0.00, '2023-03-27 01:01:31', '2023-03-27 01:01:31'),
(50, 'የመማሪያ ደስክ ሠሪተኛ', 22, 1, 2, 2, NULL, NULL, 0.00, 0.00, '2023-03-27 01:03:08', '2023-03-27 01:03:08'),
(51, 'አስተባባሪ', 22, 3, 1, 1, NULL, NULL, 0.00, 0.00, '2023-03-27 01:04:00', '2023-03-27 01:04:00'),
(52, 'ቤተ-መፅሃፍት ሀላፊ', 22, 3, 1, 1, NULL, NULL, 0.00, 0.00, '2023-03-27 01:05:01', '2023-03-27 01:05:01'),
(53, 'Catalone Classification ባለሙያ', 22, 1, 2, 2, NULL, NULL, 0.00, 0.00, '2023-03-27 01:06:16', '2023-03-27 01:06:16'),
(54, 'ስነ-መግባርና ፀረ-ሙስና IV', 22, 1, 2, 2, NULL, NULL, 0.00, 0.00, '2023-03-27 01:08:20', '2023-03-27 01:08:20'),
(55, 'የሙስና መረጃ ትንተና ባለሙያ', 22, 1, 2, 1, NULL, NULL, 0.00, 0.00, '2023-03-27 01:10:11', '2023-03-27 01:10:11'),
(56, 'ሪከርድ ሰሪተኛ  III', 22, 1, 2, 2, NULL, NULL, 0.00, 0.00, '2023-03-27 01:12:32', '2023-03-27 01:12:32'),
(57, 'ፀሃፊ', 22, 2, 2, 2, NULL, NULL, 0.00, 0.00, '2023-03-27 01:13:08', '2023-03-27 01:13:08'),
(58, 'ሪከርድ ሰሪተኛ I', 22, 1, 2, 2, NULL, NULL, 0.00, 0.00, '2023-03-27 01:13:38', '2023-03-27 01:13:38'),
(59, 'Data Clerk', 22, 1, 2, 2, NULL, NULL, 0.00, 0.00, '2023-03-27 01:14:08', '2023-03-27 01:14:08'),
(60, 'ወጥ ቤት ሰሪተኛ', 22, 1, 2, 9, NULL, NULL, 0.00, 0.00, '2023-03-27 01:15:11', '2023-03-27 01:15:23'),
(61, 'የመማሪያ ክፍል አቴንዳንት', 22, 1, 2, 7, NULL, NULL, 0.00, 0.00, '2023-03-27 01:18:26', '2023-03-27 01:18:26'),
(62, 'ፖሊስ', 22, 1, 2, 9, NULL, NULL, 0.00, 0.00, '2023-03-27 01:19:06', '2023-03-27 01:19:06'),
(63, 'የምግብ እቃዎች ግምጃ ቤት', 22, 1, 2, 2, NULL, NULL, 0.00, 0.00, '2023-03-27 01:20:45', '2023-03-27 01:20:45'),
(64, 'የእቃ ግምጃ ቤት ሰራተኛ', 22, 2, 2, 2, NULL, NULL, 0.00, 0.00, '2023-03-27 01:22:03', '2023-03-27 01:22:03'),
(65, 'የእቃ ግምጃ ቤት ሀላፊ  I', 22, 2, 2, 2, NULL, NULL, 0.00, 0.00, '2023-03-27 01:24:29', '2023-03-27 01:26:37'),
(66, 'የእለት ገንዘብ ሰብሳቢ', 22, 1, 2, 2, NULL, NULL, 0.00, 0.00, '2023-03-27 01:27:55', '2023-03-27 01:27:55'),
(67, 'ሂሳብ ሰራተኛ', 22, 1, 2, 2, NULL, NULL, 0.00, 0.00, '2023-03-27 01:34:13', '2023-03-27 01:34:13'),
(68, 'የመዝገብ ቤት ሃላፊ', 22, 1, 2, 2, NULL, NULL, 0.00, 0.00, '2023-03-27 01:35:03', '2023-03-27 01:35:03'),
(69, 'እርሻ ተቆጣጣሪ', 22, 2, 1, 2, NULL, NULL, 0.00, 0.00, '2023-03-27 01:35:39', '2023-03-27 01:35:39'),
(70, 'ሰራተኛ አስተዳደር ክፍል ኃላፊ', 22, 4, 1, 1, NULL, NULL, 0.00, 0.00, '2023-03-27 01:36:29', '2023-03-27 01:36:29'),
(71, 'የሴቶች ጉዳይ ባለሙያ VI', 22, 3, 2, 1, NULL, NULL, 0.00, 0.00, '2023-03-27 01:37:13', '2023-03-27 01:37:13'),
(72, 'የሰው ሀብት ባለሙያ VI', 22, 2, 2, 1, NULL, NULL, 0.00, 0.00, '2023-03-27 01:37:58', '2023-03-27 01:37:58'),
(73, 'የኮሌጅ አስተዳደር ቡድን መሪ', 22, 2, 1, 1, NULL, NULL, 0.00, 0.00, '2023-03-27 01:39:31', '2023-03-27 01:39:31'),
(74, 'የኮሌጅ ማኔጂንግ ዳይሬክተር', 22, 2, 1, 4, NULL, NULL, 0.00, 0.00, '2023-03-27 01:41:19', '2023-03-27 01:41:19'),
(75, 'ምግብ ቤት ሰራተኛ', 22, 2, 2, 8, NULL, NULL, 0.00, 0.00, '2023-03-27 01:56:00', '2023-03-27 01:56:00'),
(76, 'ካምፓስ ፖሊስ', 22, 4, 2, 7, NULL, NULL, 0.00, 0.00, '2023-03-27 01:57:13', '2023-03-27 01:57:13'),
(77, 'የዕቃ ምግብ ቤት ካርድ ሰራተኛ', 22, 2, 2, 9, NULL, NULL, 0.00, 0.00, '2023-03-27 01:59:05', '2023-03-27 01:59:05'),
(81, 'ካርድ ቤት ሰራተኛ', 22, 2, 2, 9, NULL, NULL, 0.00, 0.00, '2023-03-27 02:05:37', '2023-03-27 02:05:37'),
(83, 'የዕለት ገንዘብ ያዥ', 22, 7, 2, 2, NULL, NULL, 0.00, 0.00, '2023-03-27 02:17:08', '2023-03-27 02:17:08'),
(84, 'dsf', 2, 1, 1, 1, NULL, NULL, 0.00, 5.00, '2023-03-29 14:02:16', '2023-03-29 14:02:16');



INSERT INTO `job_title_categories` (`id`, `name`, `description`, `created_at`, `updated_at`) VALUES
(1, 'System Administartor', NULL, '2023-01-04 22:37:10', '2023-01-04 22:37:10'),
(2, 'Software Programmer', NULL, '2023-01-10 02:28:24', '2023-01-10 02:28:24'),
(3, 'Secratory', NULL, '2023-01-12 21:20:49', '2023-01-12 21:20:49'),
(4, 'Accounting Officrs', NULL, '2023-01-13 04:21:20', '2023-01-17 08:54:05'),
(5, 'Lawyer', NULL, '2023-01-15 23:17:07', '2023-01-15 23:17:07'),
(6, 'Messangers', NULL, '2023-01-15 23:38:42', '2023-01-17 08:50:10'),
(7, 'Purchasing Officers', NULL, '2023-01-16 06:40:20', '2023-01-17 08:47:27'),
(8, 'Data encoders', NULL, '2023-01-16 06:41:06', '2023-01-16 06:41:06'),
(9, 'Computer LAB Attendant', NULL, '2023-01-16 06:49:02', '2023-01-16 06:49:02'),
(10, 'HR Recorders', NULL, '2023-01-16 06:53:10', '2023-01-16 06:53:10'),
(11, 'Office control officer', NULL, '2023-01-16 06:57:18', '2023-01-16 06:57:18'),
(12, 'Photo copier operators', NULL, '2023-01-16 06:58:29', '2023-01-16 06:58:29'),
(13, 'HR Officers & Team Leader', NULL, '2023-01-16 07:03:02', '2023-01-17 07:17:25'),
(14, 'Registrar officers', NULL, '2023-01-16 07:06:22', '2023-01-16 07:06:22'),
(15, 'Managing Directors', NULL, '2023-01-16 07:07:50', '2023-01-16 07:07:50'),
(16, 'Planning Officers', NULL, '2023-01-17 01:58:50', '2023-01-17 08:04:47'),
(17, 'Female and Children\'s Affair officers', NULL, '2023-01-17 02:12:27', '2023-01-17 02:13:33'),
(18, 'Youth affair officers', NULL, '2023-01-17 02:14:05', '2023-01-17 02:14:05'),
(19, 'Ethics and anti-corruption', NULL, '2023-01-17 07:05:36', '2023-01-17 07:05:36'),
(20, 'Transformation and Good govrnance[የለውጥና መልካም አስተዳደር]', NULL, '2023-01-17 07:07:48', '2023-01-17 08:39:24'),
(21, 'Procurement  officers', NULL, '2023-01-17 08:42:00', '2023-01-17 08:42:00'),
(22, 'Old Job catagory', NULL, '2023-03-27 00:55:21', '2023-03-27 00:55:21');



INSERT INTO `job_title_prerequests` (`id`, `job_title_id`, `job_prerequest_id`, `created_at`, `updated_at`) VALUES
(1, 83, 6, '2023-03-30 16:14:44', '2023-03-30 16:14:44'),
(2, 83, 8, '2023-03-30 16:14:44', '2023-03-30 16:14:44');



INSERT INTO `languages` (`id`, `name`, `nationality_id`, `created_at`, `updated_at`) VALUES
(1, 'Amharic', 1, '2023-01-04 05:20:04', '2023-01-04 05:20:04'),
(2, 'Afaan Oromo', 1, '2023-01-04 05:20:15', '2023-01-04 05:20:15'),
(3, 'English', 2, '2023-01-04 05:28:07', '2023-01-04 05:28:07');



INSERT INTO `leaves` (`id`, `employee_id`, `type_of_leave_id`, `created_by_id`, `approved_by_id`, `due_date`, `leave_date`, `status`, `description`, `created_at`, `updated_at`) VALUES
(1, 35, 4, 1, 1, '2023-04-15', '2023-03-21', 'Active', 'H', '2023-03-29 01:41:24', '2023-03-29 01:41:24');



INSERT INTO `levels` (`id`, `name`, `description`, `created_at`, `updated_at`) VALUES
(1, 'I', NULL, '2023-01-04 05:30:52', '2023-01-04 05:30:52'),
(2, 'II', NULL, '2023-01-04 05:30:56', '2023-01-04 05:30:56'),
(3, 'III', NULL, '2023-01-04 05:31:02', '2023-01-04 05:31:02'),
(4, 'IV', NULL, '2023-01-04 05:31:14', '2023-01-04 05:31:14'),
(5, 'V', NULL, '2023-01-04 05:31:19', '2023-01-04 05:31:19'),
(6, 'VI', NULL, '2023-01-04 05:31:24', '2023-01-04 05:31:24'),
(7, 'VII', NULL, '2023-01-04 05:31:33', '2023-01-04 05:31:33'),
(8, 'VIII', NULL, '2023-01-04 05:31:42', '2023-01-04 05:31:42'),
(9, 'IX', NULL, '2023-01-04 05:33:29', '2023-01-04 05:33:29'),
(10, 'X', NULL, '2023-01-04 05:33:33', '2023-01-04 05:33:33'),
(11, 'XI', NULL, '2023-01-04 05:33:40', '2023-01-04 05:33:40'),
(12, 'XII', NULL, '2023-01-04 05:33:44', '2023-01-04 05:33:44'),
(13, 'XIII', NULL, '2023-01-04 05:33:49', '2023-01-04 05:33:49'),
(14, 'XIV', NULL, '2023-01-04 05:33:58', '2023-01-04 05:33:58'),
(15, 'XV', NULL, '2023-01-04 05:34:07', '2023-01-04 05:34:07'),
(16, 'XVI', NULL, '2023-01-04 05:34:14', '2023-01-04 05:34:14'),
(17, 'XVII', NULL, '2023-01-04 05:34:31', '2023-01-04 05:34:31'),
(18, 'XVIII', NULL, '2023-01-04 05:34:39', '2023-01-04 05:34:39'),
(19, 'XIX', NULL, '2023-01-04 05:34:45', '2023-01-04 05:34:45'),
(20, 'XX', NULL, '2023-01-04 05:34:56', '2023-01-04 05:34:56'),
(21, 'XXI', NULL, '2023-01-04 05:35:02', '2023-01-04 05:35:02'),
(22, 'XXII', NULL, '2023-01-04 05:35:13', '2023-01-04 05:35:13');



INSERT INTO `marital_statuses` (`id`, `name`, `created_at`, `updated_at`) VALUES
(1, 'Divorce', '2023-01-01 23:20:05', '2023-01-01 23:20:05'),
(2, 'Married', '2023-01-01 23:20:05', '2023-01-01 23:20:05'),
(3, 'Single', '2023-01-01 23:20:05', '2023-01-01 23:20:05'),
(4, 'Widow', '2023-01-01 23:20:05', '2023-01-01 23:20:05');




INSERT INTO `model_has_roles` (`role_id`, `model_type`, `model_id`) VALUES
(10, 'App\\Models\\User', 1),
(1, 'App\\Models\\User', 10);



INSERT INTO `nationalities` (`id`, `nation`, `code`, `label`, `created_at`, `updated_at`) VALUES
(1, 'Ethiopian[ኢትዮጵያዊ', 'ET[ኢት', 'Ethiopia[ኢትዮጵያ', '2023-01-01 23:20:05', '2023-01-01 23:20:05'),
(2, 'American', 'USA', 'United Satate', '2023-01-04 05:27:59', '2023-01-13 03:09:29'),
(3, 'British', 'UK', 'United Kingdom', '2023-01-13 00:17:22', '2023-01-13 03:16:50'),
(4, 'Chinese', 'China', 'China', '2023-01-13 00:17:37', '2023-01-13 03:11:01'),
(5, 'Indian', 'India', 'Indian', '2023-01-13 00:17:49', '2023-01-13 03:12:38'),
(6, 'Canadian', 'Canada', 'Canada', '2023-01-13 00:18:07', '2023-01-13 03:12:00'),
(7, 'Philippine', 'Phil', 'Philippines', '2023-01-13 03:13:39', '2023-01-13 03:13:39'),
(8, 'Cuban', 'Cuba', 'Cuban', '2023-01-13 03:15:49', '2023-01-13 03:16:05'),
(9, 'Nigerian', 'Nig', 'Nigeria', '2023-01-13 03:18:34', '2023-01-13 03:18:34');



INSERT INTO `organizations` (`id`, `name`, `email`, `mission`, `vision`, `motto`, `logo`, `web_address`, `fax`, `telephone`, `pobox`, `seal`, `president_signature`, `account_number`, `header`, `footer`, `created_at`, `updated_at`) VALUES
(1, 'Jimma university', 'ju@edu.edu.et', 'JU Mission', 'JU Vision', 'We are in the community', NULL, 'www.ju.edu.et', '0913711665', '0913711665', '144', '', NULL, NULL, NULL, NULL, '2023-01-01 23:20:05', '2023-01-05 00:28:41');



INSERT INTO `pensions` (`id`, `name`, `gender`, `year`, `extend_year`, `notify`, `employee_category_id`, `created_at`, `updated_at`) VALUES
(1, 'Retirment', 'Male', 60, 60, 365, 1, '2023-01-04 05:23:34', '2023-04-02 19:32:21'),
(2, 'Retirment for female', 'Female', 60, 60, 365, 2, '2023-01-04 05:24:20', '2023-04-03 08:12:35');



INSERT INTO `permissions` (`id`, `name`, `guard_name`, `created_at`, `updated_at`) VALUES
(1, 'employee.home', 'web', '2023-01-01 23:20:03', '2023-01-01 23:20:03'),
(2, 'dashboard.sidebar', 'web', '2023-01-01 23:20:03', '2023-01-01 23:20:03'),
(3, 'dashboard.content', 'web', '2023-01-01 23:20:03', '2023-01-01 23:20:03'),
(4, 'user.icrud', 'web', '2023-01-01 23:20:03', '2023-01-01 23:20:03'),
(5, 'user.index', 'web', '2023-01-01 23:20:03', '2023-01-01 23:20:03'),
(6, 'user.create', 'web', '2023-01-01 23:20:03', '2023-01-01 23:20:03'),
(7, 'user.show', 'web', '2023-01-01 23:20:03', '2023-01-01 23:20:03'),
(8, 'user.edit', 'web', '2023-01-01 23:20:03', '2023-01-01 23:20:03'),
(9, 'user.delete', 'web', '2023-01-01 23:20:03', '2023-01-01 23:20:03'),
(10, 'role.icrud', 'web', '2023-01-01 23:20:03', '2023-01-01 23:20:03'),
(11, 'role.index', 'web', '2023-01-01 23:20:03', '2023-01-01 23:20:03'),
(12, 'role.create', 'web', '2023-01-01 23:20:03', '2023-01-01 23:20:03'),
(13, 'role.show', 'web', '2023-01-01 23:20:03', '2023-01-01 23:20:03'),
(14, 'role.edit', 'web', '2023-01-01 23:20:03', '2023-01-01 23:20:03'),
(15, 'role.delete', 'web', '2023-01-01 23:20:03', '2023-01-01 23:20:03'),
(16, 'permission.icrud', 'web', '2023-01-01 23:20:03', '2023-01-01 23:20:03'),
(17, 'permission.index', 'web', '2023-01-01 23:20:03', '2023-01-01 23:20:03'),
(18, 'permission.create', 'web', '2023-01-01 23:20:03', '2023-01-01 23:20:03'),
(19, 'permission.show', 'web', '2023-01-01 23:20:03', '2023-01-01 23:20:03'),
(20, 'permission.edit', 'web', '2023-01-01 23:20:03', '2023-01-01 23:20:03'),
(21, 'permission.delete', 'web', '2023-01-01 23:20:03', '2023-01-01 23:20:03'),
(22, 'employee.icrud', 'web', '2023-01-01 23:20:03', '2023-01-01 23:20:03'),
(23, 'employee.index', 'web', '2023-01-01 23:20:03', '2023-01-01 23:20:03'),
(24, 'employee.create', 'web', '2023-01-01 23:20:03', '2023-01-01 23:20:03'),
(25, 'employee.show', 'web', '2023-01-01 23:20:03', '2023-01-01 23:20:03'),
(26, 'employee.edit', 'web', '2023-01-01 23:20:03', '2023-01-01 23:20:03'),
(27, 'employee.delete', 'web', '2023-01-01 23:20:03', '2023-01-01 23:20:03'),
(28, 'setting.icrud', 'web', '2023-01-01 23:20:03', '2023-01-01 23:20:03'),
(29, 'setting.index', 'web', '2023-01-01 23:20:03', '2023-01-01 23:20:03'),
(30, 'setting.create', 'web', '2023-01-01 23:20:03', '2023-01-01 23:20:03'),
(31, 'setting.show', 'web', '2023-01-01 23:20:03', '2023-01-01 23:20:03'),
(32, 'setting.edit', 'web', '2023-01-01 23:20:03', '2023-01-01 23:20:03'),
(33, 'setting.delete', 'web', '2023-01-01 23:20:03', '2023-01-01 23:20:03'),
(34, 'id.icrud', 'web', '2023-01-01 23:20:03', '2023-01-01 23:20:03'),
(35, 'id.index', 'web', '2023-01-01 23:20:03', '2023-01-01 23:20:03'),
(36, 'id.create', 'web', '2023-01-01 23:20:03', '2023-01-01 23:20:03'),
(37, 'id.show', 'web', '2023-01-01 23:20:03', '2023-01-01 23:20:03'),
(38, 'id.delete', 'web', '2023-01-01 23:20:03', '2023-01-01 23:20:03'),
(39, 'id.design.icrud', 'web', '2023-01-01 23:20:03', '2023-01-01 23:20:03'),
(40, 'id.design.index', 'web', '2023-01-01 23:20:03', '2023-01-01 23:20:03'),
(41, 'id.design.create', 'web', '2023-01-01 23:20:03', '2023-01-01 23:20:03'),
(42, 'id.design.show', 'web', '2023-01-01 23:20:03', '2023-01-01 23:20:03'),
(43, 'id.design.delete', 'web', '2023-01-01 23:20:03', '2023-01-01 23:20:03'),
(44, 'id.setting.icrud', 'web', '2023-01-01 23:20:03', '2023-01-01 23:20:03'),
(45, 'id.setting.index', 'web', '2023-01-01 23:20:03', '2023-01-01 23:20:03'),
(46, 'id.setting.create', 'web', '2023-01-01 23:20:03', '2023-01-01 23:20:03'),
(47, 'id.setting.edit', 'web', '2023-01-01 23:20:03', '2023-01-01 23:20:03'),
(48, 'id.setting.delete', 'web', '2023-01-01 23:20:03', '2023-01-01 23:20:03'),
(49, 'employee.setting.icrud', 'web', '2023-01-01 23:20:03', '2023-01-01 23:20:03'),
(50, 'employee.setting.index', 'web', '2023-01-01 23:20:03', '2023-01-01 23:20:03'),
(51, 'employee.setting.create', 'web', '2023-01-01 23:20:03', '2023-01-01 23:20:03'),
(52, 'employee.setting.show', 'web', '2023-01-01 23:20:03', '2023-01-01 23:20:03'),
(53, 'employee.setting.edit', 'web', '2023-01-01 23:20:03', '2023-01-01 23:20:03'),
(54, 'employee.setting.delete', 'web', '2023-01-01 23:20:03', '2023-01-01 23:20:03'),
(55, 'employee.id.print', 'web', '2023-01-01 23:20:03', '2023-01-01 23:20:03'),
(56, 'employee.demotion.icrud', 'web', '2023-01-01 23:20:03', '2023-01-01 23:20:03'),
(57, 'employee.demotion.index', 'web', '2023-01-01 23:20:03', '2023-01-01 23:20:03'),
(58, 'employee.demotion.create', 'web', '2023-01-01 23:20:03', '2023-01-01 23:20:03'),
(59, 'employee.demotion.show', 'web', '2023-01-01 23:20:03', '2023-01-01 23:20:03'),
(60, 'employee.demotion.edit', 'web', '2023-01-01 23:20:03', '2023-01-01 23:20:03'),
(61, 'employee.demotion.delete', 'web', '2023-01-01 23:20:03', '2023-01-01 23:20:03'),
(62, 'employee.promotion.icrud', 'web', '2023-01-01 23:20:03', '2023-01-01 23:20:03'),
(63, 'employee.promotion.index', 'web', '2023-01-01 23:20:03', '2023-01-01 23:20:03'),
(64, 'employee.promotion.create', 'web', '2023-01-01 23:20:03', '2023-01-01 23:20:03'),
(65, 'employee.promotion.show', 'web', '2023-01-01 23:20:03', '2023-01-01 23:20:03'),
(66, 'employee.promotion.edit', 'web', '2023-01-01 23:20:03', '2023-01-01 23:20:03'),
(67, 'employee.promotion.delete', 'web', '2023-01-01 23:20:03', '2023-01-01 23:20:03'),
(68, 'employee.discipline.icrud', 'web', '2023-01-01 23:20:03', '2023-01-01 23:20:03'),
(69, 'employee.discipline.index', 'web', '2023-01-01 23:20:03', '2023-01-01 23:20:03'),
(70, 'employee.discipline.create', 'web', '2023-01-01 23:20:03', '2023-01-01 23:20:03'),
(71, 'employee.discipline.show', 'web', '2023-01-01 23:20:03', '2023-01-01 23:20:03'),
(72, 'employee.discipline.edit', 'web', '2023-01-01 23:20:03', '2023-01-01 23:20:03'),
(73, 'employee.discipline.delete', 'web', '2023-01-01 23:20:03', '2023-01-01 23:20:03'),
(74, 'employee.leave.icrud', 'web', '2023-01-01 23:20:03', '2023-01-01 23:20:03'),
(75, 'employee.leave.index', 'web', '2023-01-01 23:20:03', '2023-01-01 23:20:03'),
(76, 'employee.leave.create', 'web', '2023-01-01 23:20:03', '2023-01-01 23:20:03'),
(77, 'employee.leave.show', 'web', '2023-01-01 23:20:03', '2023-01-01 23:20:03'),
(78, 'employee.leave.edit', 'web', '2023-01-01 23:20:03', '2023-01-01 23:20:03'),
(79, 'employee.leave.delete', 'web', '2023-01-01 23:20:03', '2023-01-01 23:20:03'),
(80, 'employee.efficency.icrud', 'web', '2023-01-01 23:20:03', '2023-01-01 23:20:03'),
(81, 'employee.efficency.index', 'web', '2023-01-01 23:20:03', '2023-01-01 23:20:03'),
(82, 'employee.efficency.create', 'web', '2023-01-01 23:20:03', '2023-01-01 23:20:03'),
(83, 'employee.efficency.show', 'web', '2023-01-01 23:20:03', '2023-01-01 23:20:03'),
(84, 'employee.efficency.edit', 'web', '2023-01-01 23:20:03', '2023-01-01 23:20:03'),
(85, 'employee.efficency.delete', 'web', '2023-01-01 23:20:03', '2023-01-01 23:20:03'),
(86, 'organization.icrud', 'web', '2023-01-01 23:20:03', '2023-01-01 23:20:03'),
(87, 'organization.index', 'web', '2023-01-01 23:20:03', '2023-01-01 23:20:03'),
(88, 'organization.create', 'web', '2023-01-01 23:20:03', '2023-01-01 23:20:03'),
(89, 'organization.show', 'web', '2023-01-01 23:20:03', '2023-01-01 23:20:03'),
(90, 'organization.edit', 'web', '2023-01-01 23:20:03', '2023-01-01 23:20:03'),
(91, 'organization.delete', 'web', '2023-01-01 23:20:03', '2023-01-01 23:20:03'),
(92, 'organization.structure.view', 'web', '2023-01-01 23:20:03', '2023-01-01 23:20:03'),
(93, 'unit.icrud', 'web', '2023-01-01 23:20:03', '2023-01-01 23:20:03'),
(94, 'unit.index', 'web', '2023-01-01 23:20:03', '2023-01-01 23:20:03'),
(95, 'unit.create', 'web', '2023-01-01 23:20:03', '2023-01-01 23:20:03'),
(96, 'unit.show', 'web', '2023-01-01 23:20:03', '2023-01-01 23:20:03'),
(97, 'unit.edit', 'web', '2023-01-01 23:20:03', '2023-01-01 23:20:03'),
(98, 'unit.delete', 'web', '2023-01-01 23:20:03', '2023-01-01 23:20:03'),
(99, 'job_title_category.icrud', 'web', '2023-01-01 23:20:03', '2023-01-01 23:20:03'),
(100, 'job_title_category.index', 'web', '2023-01-01 23:20:03', '2023-01-01 23:20:03'),
(101, 'job_title_category.create', 'web', '2023-01-01 23:20:03', '2023-01-01 23:20:03'),
(102, 'job_title_category.show', 'web', '2023-01-01 23:20:03', '2023-01-01 23:20:03'),
(103, 'job_title_category.edit', 'web', '2023-01-01 23:20:03', '2023-01-01 23:20:03'),
(104, 'job_title_category.delete', 'web', '2023-01-01 23:20:03', '2023-01-01 23:20:03'),
(105, 'job_title_category.field_of_study.icrud', 'web', '2023-01-01 23:20:03', '2023-01-01 23:20:03'),
(106, 'job_title_category.field_of_study.index', 'web', '2023-01-01 23:20:03', '2023-01-01 23:20:03'),
(107, 'job_title_category.field_of_study.create', 'web', '2023-01-01 23:20:04', '2023-01-01 23:20:04'),
(108, 'job_title_category.field_of_study.show', 'web', '2023-01-01 23:20:04', '2023-01-01 23:20:04'),
(109, 'job_title_category.field_of_study.edit', 'web', '2023-01-01 23:20:04', '2023-01-01 23:20:04'),
(110, 'job_title_category.field_of_study.delete', 'web', '2023-01-01 23:20:04', '2023-01-01 23:20:04'),
(111, 'job_title_category.job_title.icrud', 'web', '2023-01-01 23:20:04', '2023-01-01 23:20:04'),
(112, 'job_title_category.job_title.index', 'web', '2023-01-01 23:20:04', '2023-01-01 23:20:04'),
(113, 'job_title_category.job_title.create', 'web', '2023-01-01 23:20:04', '2023-01-01 23:20:04'),
(114, 'job_title_category.job_title.show', 'web', '2023-01-01 23:20:04', '2023-01-01 23:20:04'),
(115, 'job_title_category.job_title.edit', 'web', '2023-01-01 23:20:04', '2023-01-01 23:20:04'),
(116, 'job_title_category.job_title.delete', 'web', '2023-01-01 23:20:04', '2023-01-01 23:20:04'),
(117, 'job_level.icrud', 'web', '2023-01-01 23:20:04', '2023-01-01 23:20:04'),
(118, 'job_level.index', 'web', '2023-01-01 23:20:04', '2023-01-01 23:20:04'),
(119, 'job_level.create', 'web', '2023-01-01 23:20:04', '2023-01-01 23:20:04'),
(120, 'job_level.show', 'web', '2023-01-01 23:20:04', '2023-01-01 23:20:04'),
(121, 'job_level.edit', 'web', '2023-01-01 23:20:04', '2023-01-01 23:20:04'),
(122, 'job_level.delete', 'web', '2023-01-01 23:20:04', '2023-01-01 23:20:04'),
(123, 'job_grade.icrud', 'web', '2023-01-01 23:20:04', '2023-01-01 23:20:04'),
(124, 'job_grade.index', 'web', '2023-01-01 23:20:04', '2023-01-01 23:20:04'),
(125, 'job_grade.create', 'web', '2023-01-01 23:20:04', '2023-01-01 23:20:04'),
(126, 'job_grade.show', 'web', '2023-01-01 23:20:04', '2023-01-01 23:20:04'),
(127, 'job_grade.edit', 'web', '2023-01-01 23:20:04', '2023-01-01 23:20:04'),
(128, 'job_grade.delete', 'web', '2023-01-01 23:20:04', '2023-01-01 23:20:04'),
(129, 'salary_increament.icrud', 'web', '2023-01-01 23:20:04', '2023-01-01 23:20:04'),
(130, 'salary_increament.index', 'web', '2023-01-01 23:20:04', '2023-01-01 23:20:04'),
(131, 'salary_increament.create', 'web', '2023-01-01 23:20:04', '2023-01-01 23:20:04'),
(132, 'salary_increament.show', 'web', '2023-01-01 23:20:04', '2023-01-01 23:20:04'),
(133, 'salary_increament.edit', 'web', '2023-01-01 23:20:04', '2023-01-01 23:20:04'),
(134, 'salary_increament.delete', 'web', '2023-01-01 23:20:04', '2023-01-01 23:20:04'),
(135, 'salary_scale.icrud', 'web', '2023-01-01 23:20:04', '2023-01-01 23:20:04'),
(136, 'salary_scale.index', 'web', '2023-01-01 23:20:04', '2023-01-01 23:20:04'),
(137, 'salary_scale.create', 'web', '2023-01-01 23:20:04', '2023-01-01 23:20:04'),
(138, 'salary_scale.show', 'web', '2023-01-01 23:20:04', '2023-01-01 23:20:04'),
(139, 'salary_scale.edit', 'web', '2023-01-01 23:20:04', '2023-01-01 23:20:04'),
(140, 'salary_scale.delete', 'web', '2023-01-01 23:20:04', '2023-01-01 23:20:04'),
(141, 'employement_type.icrud', 'web', '2023-01-01 23:20:04', '2023-01-01 23:20:04'),
(142, 'employement_type.index', 'web', '2023-01-01 23:20:04', '2023-01-01 23:20:04'),
(143, 'employement_type.create', 'web', '2023-01-01 23:20:04', '2023-01-01 23:20:04'),
(144, 'employement_type.show', 'web', '2023-01-01 23:20:04', '2023-01-01 23:20:04'),
(145, 'employement_type.edit', 'web', '2023-01-01 23:20:04', '2023-01-01 23:20:04'),
(146, 'employement_type.delete', 'web', '2023-01-01 23:20:04', '2023-01-01 23:20:04'),
(147, 'position.icrud', 'web', '2023-01-01 23:20:04', '2023-01-01 23:20:04'),
(148, 'position.index', 'web', '2023-01-01 23:20:04', '2023-01-01 23:20:04'),
(149, 'position.create', 'web', '2023-01-01 23:20:04', '2023-01-01 23:20:04'),
(150, 'position.show', 'web', '2023-01-01 23:20:04', '2023-01-01 23:20:04'),
(151, 'position.edit', 'web', '2023-01-01 23:20:04', '2023-01-01 23:20:04'),
(152, 'position.delete', 'web', '2023-01-01 23:20:04', '2023-01-01 23:20:04'),
(153, 'evaluation_category.icrud', 'web', '2023-01-01 23:20:04', '2023-01-01 23:20:04'),
(154, 'evaluation_category.index', 'web', '2023-01-01 23:20:04', '2023-01-01 23:20:04'),
(155, 'evaluation_category.create', 'web', '2023-01-01 23:20:04', '2023-01-01 23:20:04'),
(156, 'evaluation_category.show', 'web', '2023-01-01 23:20:04', '2023-01-01 23:20:04'),
(157, 'evaluation_category.edit', 'web', '2023-01-01 23:20:04', '2023-01-01 23:20:04'),
(158, 'evaluation_category.delete', 'web', '2023-01-01 23:20:04', '2023-01-01 23:20:04'),
(159, 'evaluation_level.icrud', 'web', '2023-01-01 23:20:04', '2023-01-01 23:20:04'),
(160, 'evaluation_level.index', 'web', '2023-01-01 23:20:04', '2023-01-01 23:20:04'),
(161, 'evaluation_level.create', 'web', '2023-01-01 23:20:04', '2023-01-01 23:20:04'),
(162, 'evaluation_level.show', 'web', '2023-01-01 23:20:04', '2023-01-01 23:20:04'),
(163, 'evaluation_level.edit', 'web', '2023-01-01 23:20:04', '2023-01-01 23:20:04'),
(164, 'evaluation_level.delete', 'web', '2023-01-01 23:20:04', '2023-01-01 23:20:04'),
(165, 'criteria.icrud', 'web', '2023-01-01 23:20:04', '2023-01-01 23:20:04'),
(166, 'criteria.index', 'web', '2023-01-01 23:20:04', '2023-01-01 23:20:04'),
(167, 'criteria.create', 'web', '2023-01-01 23:20:04', '2023-01-01 23:20:04'),
(168, 'criteria.show', 'web', '2023-01-01 23:20:04', '2023-01-01 23:20:04'),
(169, 'criteria.edit', 'web', '2023-01-01 23:20:04', '2023-01-01 23:20:04'),
(170, 'criteria.delete', 'web', '2023-01-01 23:20:04', '2023-01-01 23:20:04'),
(171, 'evaluation.icrud', 'web', '2023-01-01 23:20:04', '2023-01-01 23:20:04'),
(172, 'evaluation.index', 'web', '2023-01-01 23:20:04', '2023-01-01 23:20:04'),
(173, 'evaluation.create', 'web', '2023-01-01 23:20:04', '2023-01-01 23:20:04'),
(174, 'evaluation.show', 'web', '2023-01-01 23:20:04', '2023-01-01 23:20:04'),
(175, 'evaluation.edit', 'web', '2023-01-01 23:20:04', '2023-01-01 23:20:04'),
(176, 'evaluation.delete', 'web', '2023-01-01 23:20:04', '2023-01-01 23:20:04'),
(177, 'vacancy.icrud', 'web', '2023-01-01 23:20:04', '2023-01-01 23:20:04'),
(178, 'vacancy.index', 'web', '2023-01-01 23:20:04', '2023-01-01 23:20:04'),
(179, 'vacancy.create', 'web', '2023-01-01 23:20:04', '2023-01-01 23:20:04'),
(180, 'vacancy.show', 'web', '2023-01-01 23:20:04', '2023-01-01 23:20:04'),
(181, 'vacancy.edit', 'web', '2023-01-01 23:20:04', '2023-01-01 23:20:04'),
(182, 'vacancy.delete', 'web', '2023-01-01 23:20:04', '2023-01-01 23:20:04'),
(183, 'vacancy.candidate.icrud', 'web', '2023-01-01 23:20:04', '2023-01-01 23:20:04'),
(184, 'vacancy.candidate.index', 'web', '2023-01-01 23:20:04', '2023-01-01 23:20:04'),
(185, 'vacancy.candidate.create', 'web', '2023-01-01 23:20:04', '2023-01-01 23:20:04'),
(186, 'vacancy.candidate.show', 'web', '2023-01-01 23:20:04', '2023-01-01 23:20:04'),
(187, 'vacancy.candidate.edit', 'web', '2023-01-01 23:20:04', '2023-01-01 23:20:04'),
(188, 'vacancy.candidate.delete', 'web', '2023-01-01 23:20:04', '2023-01-01 23:20:04'),
(189, 'vacancy.candidate.mark.add', 'web', '2023-01-01 23:20:04', '2023-01-01 23:20:04'),
(190, 'vacancy.candidate.mark.edit', 'web', '2023-01-01 23:20:04', '2023-01-01 23:20:04'),
(191, 'vacancy.candidate.screen', 'web', '2023-01-01 23:20:04', '2023-01-01 23:20:04'),
(192, 'evaluation_periods.icrud', 'web', '2023-01-01 23:20:04', '2023-01-01 23:20:04'),
(193, 'evaluation_periods.index', 'web', '2023-01-01 23:20:04', '2023-01-01 23:20:04'),
(194, 'evaluation_periods.create', 'web', '2023-01-01 23:20:04', '2023-01-01 23:20:04'),
(195, 'evaluation_periods.show', 'web', '2023-01-01 23:20:04', '2023-01-01 23:20:04'),
(196, 'evaluation_periods.edit', 'web', '2023-01-01 23:20:04', '2023-01-01 23:20:04'),
(197, 'evaluation_periods.delete', 'web', '2023-01-01 23:20:04', '2023-01-01 23:20:04'),
(198, 'efficency_form_style.icrud', 'web', '2023-01-01 23:20:04', '2023-01-01 23:20:04'),
(199, 'efficency_form_style.index', 'web', '2023-01-01 23:20:04', '2023-01-01 23:20:04'),
(200, 'efficency_form_style.create', 'web', '2023-01-01 23:20:04', '2023-01-01 23:20:04'),
(201, 'efficency_form_style.show', 'web', '2023-01-01 23:20:04', '2023-01-01 23:20:04'),
(202, 'efficency_form_style.edit', 'web', '2023-01-01 23:20:05', '2023-01-01 23:20:05'),
(203, 'efficency_form_style.delete', 'web', '2023-01-01 23:20:05', '2023-01-01 23:20:05'),
(204, 'salary_increment.icrud', 'web', '2023-01-01 23:20:05', '2023-01-01 23:20:05'),
(205, 'salary_increment.index', 'web', '2023-01-01 23:20:05', '2023-01-01 23:20:05'),
(206, 'salary_increment.create', 'web', '2023-01-01 23:20:05', '2023-01-01 23:20:05'),
(207, 'salary_increment.show', 'web', '2023-01-01 23:20:05', '2023-01-01 23:20:05'),
(208, 'salary_increment.edit', 'web', '2023-01-01 23:20:05', '2023-01-01 23:20:05'),
(209, 'salary_increment.delete', 'web', '2023-01-01 23:20:05', '2023-01-01 23:20:05'),
(210, 'signature.icrud', 'web', '2023-01-01 23:20:05', '2023-01-01 23:20:05'),
(211, 'signature.index', 'web', '2023-01-01 23:20:05', '2023-01-01 23:20:05'),
(212, 'signature.create', 'web', '2023-01-01 23:20:05', '2023-01-01 23:20:05'),
(213, 'signature.show', 'web', '2023-01-01 23:20:05', '2023-01-01 23:20:05'),
(214, 'signature.edit', 'web', '2023-01-01 23:20:05', '2023-01-01 23:20:05'),
(215, 'signature.delete', 'web', '2023-01-01 23:20:05', '2023-01-01 23:20:05');


INSERT INTO `placement_choices` (`id`, `placement_round_id`, `employee_id`, `choice_one_id`, `choice_two_id`, `created_at`, `updated_at`, `choice_one_result`, `choice_two_result`, `choice_one_rank`, `choice_two_rank`, `new_position`, `is_placement_choice_switched`) VALUES
(17, 2, 19, 27, 35, '2023-02-27 02:17:05', '2023-04-04 16:16:30', 44.55, 44.55, 1, 1, 27, NULL),
(18, 2, 7, 43, 45, '2023-02-27 02:18:19', '2023-04-04 16:16:31', 42.26, 42.26, 1, 1, 43, NULL),
(19, 2, 32, 46, 56, '2023-02-27 02:18:56', '2023-04-04 16:16:31', 16.62, 16.62, 1, 1, 46, NULL),
(20, 2, 17, 46, 49, '2023-02-27 02:19:45', '2023-04-04 16:16:31', 36.70, 44.70, 2, 1, 49, 1),
(21, 2, 12, 57, 6, '2023-02-27 02:20:36', '2023-04-04 16:16:31', 43.50, 43.50, 1, 1, 57, NULL),
(22, 2, 21, 41, 34, '2023-02-27 02:21:10', '2023-04-04 16:16:30', 44.10, 44.10, 1, 1, 41, NULL),
(23, 2, 15, 49, 8, '2023-02-27 02:21:58', '2023-04-04 16:16:31', 44.55, 44.55, 2, 1, 8, NULL),
(24, 2, 9, 41, 42, '2023-02-27 02:22:21', '2023-04-04 16:16:30', 42.90, 42.90, 2, 1, 42, NULL),
(25, 2, 14, 45, 44, '2023-02-27 02:23:03', '2023-04-04 16:36:37', 42.45, 42.45, 2, 1, 45, NULL),
(26, 2, 5, 38, 41, '2023-02-27 02:23:43', '2023-04-04 16:16:30', 36.55, 44.55, 1, 3, 38, 1),
(27, 2, 18, 41, 43, '2023-02-27 02:24:20', '2023-04-04 16:16:30', 44.14, 44.14, 4, 2, 43, NULL),
(28, 2, 4, 28, 55, '2023-02-27 02:31:04', '2023-04-04 16:16:31', 24.75, 16.75, 1, 1, 28, NULL),
(29, 2, 16, 27, 35, '2023-02-27 05:19:52', '2023-04-04 16:16:30', 29.55, 44.55, 2, 2, 27, NULL),
(30, 2, 35, 41, 43, '2023-02-27 05:20:54', '2023-04-04 16:16:30', 42.71, 42.71, 5, 3, NULL, NULL),
(31, 2, 30, 28, 31, '2023-02-27 05:21:35', '2023-04-04 16:16:30', 44.33, 36.33, 2, 1, 31, NULL),
(32, 2, 22, 42, 50, '2023-02-27 05:22:23', '2023-04-04 16:16:31', 44.40, 44.40, 2, 1, 50, NULL),
(33, 2, 13, 36, 53, '2023-02-27 05:23:41', '2023-04-04 16:16:31', 44.33, 44.33, 1, 1, 36, NULL),
(34, 2, 20, 27, 52, '2023-02-27 05:24:13', '2023-04-04 16:16:31', 43.61, 28.61, 3, 1, 27, 1),
(35, 2, 11, 49, 4, '2023-02-27 05:26:38', '2023-04-04 16:16:31', 43.76, 43.76, 3, 1, 4, NULL),
(36, 2, 28, 53, 52, '2023-02-27 23:29:09', '2023-04-04 16:16:31', 44.25, 44.25, 2, 2, 53, NULL),
(37, 2, 25, 53, 54, '2023-03-01 06:29:52', '2023-04-04 16:16:31', 44.17, 29.18, 3, 1, 53, 1),
(38, 2, 26, 56, 57, '2023-03-01 06:31:19', '2023-04-04 16:16:31', 27.15, 27.15, 2, 2, 56, 1),
(39, 2, 29, 53, 54, '2023-03-01 06:32:05', '2023-04-04 16:36:37', 40.50, 40.50, 4, 2, 54, NULL),
(40, 2, 8, 12, 50, '2023-03-01 06:33:59', '2023-04-04 16:16:31', 44.21, 44.21, 1, 2, 12, NULL),
(41, 2, 24, 35, 12, '2023-03-01 06:35:04', '2023-04-04 16:16:30', 43.88, 43.88, 3, 2, 35, NULL),
(42, 2, 6, 31, 26, '2023-03-01 06:36:50', '2023-04-04 16:16:30', 36.77, 44.77, 2, 1, 26, 1),
(43, 2, 34, 28, 38, '2023-03-01 06:46:38', '2023-04-04 16:16:30', 24.73, 16.73, 3, 2, NULL, 1),
(44, 2, 31, 27, 36, '2023-03-01 06:48:45', '2023-04-04 16:16:30', 44.55, 44.55, 4, 2, 27, NULL),
(45, 2, 23, 31, 34, '2023-03-01 06:50:19', '2023-04-04 16:16:30', 36.10, 44.10, 3, 2, 34, 1),
(46, 2, 10, 6, 23, '2023-03-01 06:56:27', '2023-04-04 16:36:37', 44.33, 44.33, 2, 1, 23, 1);



INSERT INTO `placement_rounds` (`id`, `round`, `year`, `is_open`, `created_at`, `updated_at`, `status`) VALUES
(2, 1, '2015', 1, '2023-02-06 05:58:38', '2023-04-04 16:36:37', 2);



INSERT INTO `positions` (`id`, `unit_id`, `job_title_id`, `position_available_for_placement`, `available_for_placement`, `created_at`, `updated_at`) VALUES
(3, 35, 1, 1, 1, '2023-01-20 01:30:18', '2023-01-20 02:23:32'),
(4, 732, 1, 1, 1, '2023-01-20 01:33:42', '2023-01-20 01:33:42'),
(5, 729, 1, 1, 1, '2023-01-20 02:25:04', '2023-01-20 02:25:04'),
(6, 742, 1, 1, 1, '2023-01-20 02:28:17', '2023-01-20 02:28:17'),
(7, 743, 1, 1, 1, '2023-01-20 02:29:10', '2023-01-20 02:29:10'),
(8, 744, 1, 1, 1, '2023-01-20 02:31:10', '2023-01-20 02:31:10'),
(9, 736, 1, 1, 1, '2023-01-20 07:25:52', '2023-01-20 07:25:52'),
(10, 737, 1, 1, 1, '2023-01-20 07:30:53', '2023-01-20 07:30:53'),
(11, 35, 8, 1, 1, '2023-01-20 07:33:47', '2023-01-20 07:33:47'),
(12, 35, 17, 1, 1, '2023-01-20 07:34:51', '2023-01-20 07:34:51'),
(13, 35, 18, 1, 1, '2023-01-20 07:35:37', '2023-01-20 07:35:37'),
(14, 35, 19, 1, 1, '2023-01-20 07:36:50', '2023-01-20 07:36:50'),
(15, 35, 20, 1, 1, '2023-01-20 07:37:32', '2023-01-20 07:37:32'),
(16, 35, 21, 1, 1, '2023-01-20 07:38:46', '2023-01-20 07:38:46'),
(17, 729, 8, 1, 1, '2023-01-20 07:40:03', '2023-01-20 07:40:03'),
(18, 742, 8, 1, 1, '2023-01-20 07:43:43', '2023-01-20 07:43:43'),
(19, 743, 8, 1, 1, '2023-01-20 07:44:32', '2023-01-20 07:44:32'),
(20, 736, 8, 1, 1, '2023-01-20 07:46:19', '2023-01-20 07:46:19'),
(21, 732, 8, 1, 1, '2023-01-20 07:48:22', '2023-01-20 07:48:22'),
(22, 737, 8, 1, 1, '2023-01-20 07:49:51', '2023-01-20 07:49:51'),
(23, 738, 7, 1, 1, '2023-01-20 07:52:35', '2023-01-20 07:52:35'),
(24, 738, 8, 1, 1, '2023-01-20 07:53:31', '2023-01-20 07:53:31'),
(25, 744, 8, 1, 1, '2023-01-21 01:57:33', '2023-01-21 01:57:33'),
(26, 77, 22, 1, 1, '2023-01-21 02:28:14', '2023-01-21 02:28:14'),
(27, 77, 23, 4, 1, '2023-01-21 02:29:22', '2023-01-21 02:29:22'),
(28, 733, 24, 1, 1, '2023-01-22 23:16:07', '2023-01-22 23:16:07'),
(29, 733, 7, 1, 1, '2023-01-22 23:16:48', '2023-01-22 23:16:48'),
(30, 733, 8, 1, 1, '2023-01-22 23:17:38', '2023-01-22 23:17:38'),
(31, 750, 25, 1, 1, '2023-01-22 23:20:07', '2023-01-22 23:20:07'),
(32, 750, 9, 1, 1, '2023-01-22 23:21:14', '2023-01-22 23:21:14'),
(33, 750, 8, 1, 1, '2023-01-22 23:21:50', '2023-01-22 23:21:50'),
(34, 750, 45, 1, 1, '2023-01-22 23:22:46', '2023-01-22 23:22:46'),
(35, 750, 44, 1, 1, '2023-01-22 23:23:16', '2023-01-22 23:23:16'),
(36, 750, 43, 1, 1, '2023-01-22 23:24:15', '2023-01-22 23:24:15'),
(37, 750, 42, 1, 1, '2023-01-22 23:24:51', '2023-01-22 23:24:51'),
(38, 751, 10, 1, 1, '2023-01-22 23:28:45', '2023-01-22 23:28:45'),
(39, 751, 9, 1, 1, '2023-01-22 23:29:20', '2023-01-22 23:29:20'),
(40, 751, 8, 1, 1, '2023-01-22 23:29:56', '2023-01-22 23:29:56'),
(41, 751, 41, 1, 1, '2023-01-22 23:30:32', '2023-01-22 23:30:32'),
(42, 751, 40, 1, 1, '2023-01-22 23:30:59', '2023-01-22 23:30:59'),
(43, 751, 39, 2, 1, '2023-01-22 23:31:43', '2023-01-22 23:31:43'),
(44, 751, 38, 1, 1, '2023-01-22 23:32:21', '2023-01-22 23:32:21'),
(45, 751, 37, 1, 1, '2023-01-22 23:33:01', '2023-01-22 23:33:01'),
(46, 753, 36, 1, 1, '2023-01-22 23:33:54', '2023-01-22 23:33:54'),
(47, 753, 9, 1, 1, '2023-01-22 23:34:25', '2023-01-22 23:34:25'),
(48, 753, 8, 1, 1, '2023-01-22 23:34:53', '2023-01-22 23:34:53'),
(49, 753, 35, 1, 1, '2023-01-22 23:35:19', '2023-01-22 23:35:19'),
(50, 753, 34, 1, 1, '2023-01-22 23:35:50', '2023-01-22 23:35:50'),
(52, 757, 28, 4, 1, '2023-01-23 00:09:06', '2023-01-23 00:09:06'),
(53, 757, 26, 3, 1, '2023-01-23 00:11:30', '2023-01-23 00:11:30'),
(54, 757, 27, 2, 1, '2023-01-23 00:13:03', '2023-01-23 00:13:03'),
(55, 757, 29, 1, 1, '2023-01-25 00:08:52', '2023-01-25 00:08:52'),
(56, 757, 33, 1, 1, '2023-01-25 01:20:23', '2023-01-25 01:20:23'),
(57, 757, 32, 1, 1, '2023-01-25 01:21:04', '2023-01-25 01:21:04'),
(58, 757, 31, 1, 1, '2023-01-25 01:22:09', '2023-01-25 01:22:09'),
(59, 757, 30, 1, 1, '2023-01-25 01:24:49', '2023-04-03 08:40:35'),
(60, 1, 13, 5, 1, '2023-04-04 17:22:17', '2023-04-04 17:22:17');



INSERT INTO `position_codes` (`id`, `employee_id`, `position_id`, `code`, `created_at`, `updated_at`) VALUES
(3, 21, 3, '8.13/ጅዩ/ህግ-01', '2023-01-20 01:30:18', '2023-01-25 01:16:57'),
(4, 23, 4, '8.13/ጅዩ/ህግ-15', '2023-01-20 01:33:42', '2023-01-25 01:24:08'),
(5, 22, 5, '8.13/ጅዩ/ህግ-07', '2023-01-20 02:25:04', '2023-01-25 01:21:04'),
(6, 30, 6, '8.13/ጅዩ/ህግ-09', '2023-01-20 02:28:17', '2023-01-25 02:44:16'),
(7, NULL, 7, '8.13/ጅዩ/ህግ-11', '2023-01-20 02:29:10', '2023-01-20 02:29:10'),
(8, NULL, 8, '8.13/ጅዩ/ህግ-66', '2023-01-20 02:31:10', '2023-01-20 02:31:10'),
(9, NULL, 9, '8.13/ጅዩ/ህግ-13', '2023-01-20 07:25:52', '2023-01-20 07:25:52'),
(10, NULL, 10, '8.13/ጅዩ/ህግ-17', '2023-01-20 07:30:53', '2023-01-20 07:30:53'),
(11, 29, 11, '8.13/ጅዩ/ህግ-02', '2023-01-20 07:33:47', '2023-01-25 02:38:47'),
(12, 8, 12, '8.13/ጅዩ/ህግ-03', '2023-01-20 07:34:51', '2023-01-25 00:39:38'),
(13, NULL, 13, '8.13/ጅዩ/ህግ-64', '2023-01-20 07:35:37', '2023-01-20 07:35:37'),
(14, NULL, 14, '8.13/ጅዩ/ህግ-65', '2023-01-20 07:36:50', '2023-01-20 07:36:50'),
(15, 27, 15, '8.13/ጅዩ/ህግ-05', '2023-01-20 07:37:32', '2023-01-25 01:42:37'),
(16, NULL, 16, '8.13/ጅዩ/ህግ-06', '2023-01-20 07:38:46', '2023-01-20 07:38:46'),
(17, NULL, 17, '8.13/ጅዩ/ህግ-08', '2023-01-20 07:40:03', '2023-01-20 07:40:03'),
(18, NULL, 18, '8.13/ጅዩ/ህግ-10', '2023-01-20 07:43:43', '2023-01-20 07:43:43'),
(19, NULL, 19, '8.13/ጅዩ/ህግ-12', '2023-01-20 07:44:32', '2023-01-20 07:44:32'),
(20, NULL, 20, '8.13/ጅዩ/ህግ-14', '2023-01-20 07:46:19', '2023-01-20 07:46:19'),
(21, NULL, 21, '8.13/ጅዩ/ህግ-16', '2023-01-20 07:48:22', '2023-01-20 07:48:22'),
(22, NULL, 22, '8.13/ጅዩ/ህግ-18', '2023-01-20 07:49:52', '2023-01-20 07:49:52'),
(23, 15, 23, '8.13/ጅዩ/ህግ-19', '2023-01-20 07:52:35', '2023-01-25 00:54:42'),
(24, NULL, 24, '8.13/ጅዩ/ህግ-20', '2023-01-20 07:53:31', '2023-01-20 07:53:31'),
(25, NULL, 25, '8.13/ጅዩ/ህግ-67', '2023-01-21 01:57:33', '2023-01-21 01:57:33'),
(26, 6, 26, '8.13/ጅዩ/ህግ-21', '2023-01-21 02:28:14', '2023-01-25 00:35:05'),
(28, 16, 27, '8.13/ጅዩ/ህግ-23', '2023-01-21 02:29:22', '2023-01-25 00:57:47'),
(29, 19, 27, '8.13/ጅዩ/ህግ-24', '2023-01-21 02:29:22', '2023-01-25 01:09:34'),
(30, 31, 27, '8.13/ጅዩ/ህግ-25', '2023-01-21 02:29:22', '2023-01-25 02:50:36'),
(31, 33, 28, '8.13/ጅዩ/ህግ-26', '2023-01-22 23:16:07', '2023-02-06 01:13:50'),
(32, 11, 29, '8.13/ጅዩ/ህግ-27', '2023-01-22 23:16:48', '2023-01-25 00:48:38'),
(33, NULL, 30, '8.13/ጅዩ/ህግ-28', '2023-01-22 23:17:38', '2023-01-22 23:17:38'),
(34, NULL, 31, '8.13/ጅዩ/ህግ-29', '2023-01-22 23:20:07', '2023-01-22 23:20:07'),
(35, NULL, 32, '8.13/ጅዩ/ህግ-60', '2023-01-22 23:21:14', '2023-01-22 23:21:14'),
(36, NULL, 33, '8.13/ጅዩ/ህግ-61', '2023-01-22 23:21:50', '2023-01-22 23:21:50'),
(37, NULL, 34, '8.13/ጅዩ/ህግ-30', '2023-01-22 23:22:46', '2023-01-22 23:22:46'),
(38, NULL, 35, '8.13/ጅዩ/ህግ-31', '2023-01-22 23:23:16', '2023-01-22 23:23:16'),
(39, NULL, 36, '8.13/ጅዩ/ህግ-32', '2023-01-22 23:24:15', '2023-01-22 23:24:15'),
(40, 13, 37, '8.13/ጅዩ/ህግ-33', '2023-01-22 23:24:51', '2023-01-25 00:49:17'),
(41, 34, 38, '8.13/ጅዩ/ህግ-34', '2023-01-22 23:28:45', '2023-02-06 01:21:30'),
(42, 12, 39, '8.13/ጅዩ/ህግ-35', '2023-01-22 23:29:20', '2023-01-25 00:46:44'),
(43, NULL, 40, '8.13/ጅዩ/ህግ-36', '2023-01-22 23:29:56', '2023-01-22 23:29:56'),
(44, 5, 41, '8.13/ጅዩ/ህግ-37', '2023-01-22 23:30:32', '2023-01-25 00:27:15'),
(45, 9, 42, '8.13/ጅዩ/ህግ-38', '2023-01-22 23:30:59', '2023-01-25 00:42:17'),
(47, 18, 43, '8.13/ጅዩ/ህግ-40', '2023-01-22 23:31:43', '2023-02-06 06:52:12'),
(48, 14, 44, '8.13/ጅዩ/ህግ-41', '2023-01-22 23:32:21', '2023-01-25 00:53:01'),
(49, 7, 45, '8.13/ጅዩ/ህግ-62', '2023-01-22 23:33:01', '2023-01-25 00:38:35'),
(50, NULL, 46, '8.13/ጅዩ/ህግ-42', '2023-01-22 23:33:54', '2023-01-22 23:33:54'),
(51, 10, 47, '8.13/ጅዩ/ህግ-43', '2023-01-22 23:34:25', '2023-01-25 01:50:00'),
(52, NULL, 48, '8.13/ጅዩ/ህግ-44', '2023-01-22 23:34:53', '2023-01-22 23:34:53'),
(53, NULL, 49, '8.13/ጅዩ/ህግ-45', '2023-01-22 23:35:19', '2023-01-22 23:35:19'),
(54, 17, 50, '8.13/ጅዩ/ህግ-46', '2023-01-22 23:35:50', '2023-01-25 01:01:54'),
(56, 20, 52, '8.13/ጅዩ/ህግ-51', '2023-01-23 00:09:06', '2023-02-06 05:28:21'),
(57, NULL, 52, '8.13/ጅዩ/ህግ-52', '2023-01-23 00:09:06', '2023-01-23 00:09:06'),
(58, NULL, 52, '8.13/ጅዩ/ህግ-53', '2023-01-23 00:09:06', '2023-01-23 00:09:06'),
(59, NULL, 52, '8.13/ጅዩ/ህግ-54', '2023-01-23 00:09:06', '2023-01-23 00:09:06'),
(60, 24, 53, '8.13/ጅዩ/ህግ-55', '2023-01-23 00:11:30', '2023-02-06 05:29:43'),
(61, NULL, 53, '8.13/ጅዩ/ህግ-56', '2023-01-23 00:11:30', '2023-01-23 00:11:30'),
(62, NULL, 53, '8.13/ጅዩ/ህግ-57', '2023-01-23 00:11:30', '2023-01-23 00:11:30'),
(63, 25, 54, '8.13/ጅዩ/ህግ-58', '2023-01-23 00:13:03', '2023-01-25 01:34:52'),
(64, 28, 54, '8.13/ጅዩ/ህግ-59', '2023-01-23 00:13:03', '2023-01-25 02:36:27'),
(65, 4, 55, '8.13/ጅዩ/ህግ-50', '2023-01-25 00:08:52', '2023-01-25 00:12:49'),
(66, 32, 56, '8.13/ጅዩ/ህግ-47', '2023-01-25 01:20:23', '2023-01-26 00:40:29'),
(67, 26, 57, '8.13/ጅዩ/ህግ-48', '2023-01-25 01:21:04', '2023-01-25 01:38:03'),
(68, NULL, 58, '8.13/ጅዩ/ህግ-49', '2023-01-25 01:22:09', '2023-01-25 01:22:09'),
(69, NULL, 59, '8.13/ጅዩ/ህግ-63', '2023-01-25 01:24:49', '2023-01-25 01:24:49'),
(70, 35, 43, '8.13/ጅዩ/ህግ-39', '2023-02-06 06:40:44', '2023-02-06 07:01:57'),
(71, NULL, 60, 'JU-23', '2023-04-04 17:22:17', '2023-04-04 17:22:17'),
(72, NULL, 60, 'JU-24', '2023-04-04 17:22:17', '2023-04-04 17:22:17'),
(73, NULL, 60, 'JU-25', '2023-04-04 17:22:17', '2023-04-04 17:22:17'),
(74, NULL, 60, 'JU-26', '2023-04-04 17:22:17', '2023-04-04 17:22:17'),
(75, NULL, 60, 'JU-27', '2023-04-04 17:22:17', '2023-04-04 17:22:17');



INSERT INTO `position_requirements` (`id`, `name`, `created_at`, `updated_at`) VALUES
(1, 'Education Criteria', '2023-01-25 21:40:35', '2023-01-25 21:40:35'),
(2, 'Experience Criteria', '2023-01-25 21:41:01', '2023-01-25 21:41:01'),
(3, 'Efficiency Criteria', '2023-02-06 02:58:01', '2023-03-14 04:55:09'),
(4, 'Record quality', '2023-02-06 02:58:10', '2023-02-06 02:58:10'),
(5, 'Exam Result', '2023-02-14 03:18:35', '2023-02-14 03:18:35'),
(6, 'Leadership Skill', '2023-03-20 03:55:41', '2023-03-20 03:55:41');



INSERT INTO `position_types` (`id`, `title`, `created_at`, `updated_at`) VALUES
(1, 'Above Team Leader', '2023-01-12 21:56:54', '2023-01-12 21:56:54'),
(2, 'Below Team Leader', '2023-01-12 21:57:11', '2023-01-12 21:57:11');



INSERT INTO `position_values` (`id`, `position_type_id`, `position_requirement_id`, `value`, `created_at`, `updated_at`) VALUES
(1, 2, 1, 40.00, '2023-02-14 00:16:12', '2023-03-20 04:02:15'),
(2, 2, 2, 30.00, '2023-02-14 00:16:30', '2023-03-20 04:02:39'),
(3, 2, 3, 30.00, '2023-02-14 00:16:43', '2023-03-20 04:02:50'),
(5, 1, 1, 25.00, '2023-02-14 00:17:38', '2023-03-20 03:57:46'),
(6, 1, 2, 15.00, '2023-02-14 00:17:45', '2023-03-20 03:58:02'),
(7, 1, 3, 10.00, '2023-02-14 00:17:57', '2023-03-20 03:58:16'),
(9, 1, 5, 15.00, '2023-02-14 00:18:52', '2023-02-14 00:18:52'),
(11, 1, 6, 35.00, '2023-03-20 03:59:05', '2023-03-20 03:59:05');



CREATE TABLE `promotions` (
  `id` bigint UNSIGNED NOT NULL,
  `employee_id` bigint UNSIGNED NOT NULL,
  `old_unit_id` bigint UNSIGNED NOT NULL,
  `new_unit_id` bigint UNSIGNED NOT NULL,
  `old_job_title_id` bigint UNSIGNED NOT NULL,
  `new_job_title_id` bigint UNSIGNED NOT NULL,
  `created_by_id` bigint UNSIGNED NOT NULL,
  `reason_of_promotion` text COLLATE utf8mb4_unicode_ci,
  `created_at` timestamp NULL DEFAULT NULL,
  `updated_at` timestamp NULL DEFAULT NULL
) ENGINE=InnoDB DEFAULT CHARSET=utf8mb4 COLLATE=utf8mb4_unicode_ci;


INSERT INTO `quarters` (`id`, `name`, `start_date`, `end_date`, `description`, `created_at`, `updated_at`) VALUES
(1, 'Second-half of Fiscal year', '2014-11-01', '2015-01-30', NULL, '2023-01-04 05:22:01', '2023-04-03 20:08:03'),
(4, 'First-half of Fiscal year', '2015-08-01', '2015-10-30', NULL, '2023-01-04 05:23:08', '2023-04-03 20:07:55');



INSERT INTO `regions` (`id`, `name`, `nationality_id`, `created_at`, `updated_at`) VALUES
(1, 'Oromia', 1, '2023-01-04 05:20:43', '2023-01-04 05:20:43'),
(2, 'Amhara', 1, '2023-01-04 05:20:54', '2023-01-04 05:20:54'),
(3, 'Somali', 1, '2023-01-12 22:36:33', '2023-01-12 22:36:33'),
(4, 'Benishangul Gumuz', 1, '2023-01-12 22:37:33', '2023-01-12 22:37:33'),
(5, 'Dire Dawa', 1, '2023-01-12 22:37:46', '2023-01-12 22:37:46'),
(6, 'Gambela', 1, '2023-01-12 22:38:02', '2023-01-12 22:38:02'),
(7, 'Harari', 1, '2023-01-12 22:38:12', '2023-01-12 22:38:12'),
(8, 'Tigray', 1, '2023-01-12 22:38:25', '2023-01-12 22:38:25'),
(9, 'SNNPR', 1, '2023-01-12 22:39:07', '2023-01-12 22:39:07'),
(10, 'Sidama', 1, '2023-01-12 22:39:18', '2023-01-12 22:39:18'),
(11, 'SWEPR', 1, '2023-01-12 22:39:54', '2023-01-12 22:39:54'),
(12, 'Addis Ababa', 1, '2023-01-12 22:40:09', '2023-01-12 22:40:09'),
(13, 'Afar Region', 1, '2023-01-12 22:48:42', '2023-01-12 22:48:42');



INSERT INTO `related_works` (`id`, `field_of_studie_id`, `job_title_categorie_id`, `created_at`, `updated_at`) VALUES
(2, 1, 2, '2023-01-13 00:29:43', '2023-01-13 00:29:43'),
(3, 27, 2, '2023-01-13 00:29:51', '2023-01-13 00:29:51'),
(4, 48, 2, '2023-01-13 04:05:04', '2023-01-13 04:05:04'),
(5, 35, 4, '2023-01-13 04:21:20', '2023-01-13 04:21:20'),
(6, 8, 4, '2023-01-13 04:21:56', '2023-01-13 04:21:56'),
(7, 16, 5, '2023-01-15 23:17:07', '2023-01-15 23:17:07'),
(8, 50, 6, '2023-01-15 23:38:42', '2023-01-15 23:38:42'),
(9, 52, 3, '2023-01-15 23:45:31', '2023-01-15 23:45:31'),
(11, 54, 4, '2023-01-15 23:47:24', '2023-01-15 23:47:24'),
(12, 48, 8, '2023-01-16 06:42:49', '2023-01-16 06:42:49'),
(13, 52, 8, '2023-01-16 06:44:18', '2023-01-16 06:44:18'),
(14, 48, 9, '2023-01-16 06:49:02', '2023-01-16 06:49:02'),
(15, 112, 10, '2023-01-16 06:53:10', '2023-01-16 06:53:10'),
(16, 113, 10, '2023-01-16 06:53:10', '2023-01-16 06:53:10'),
(17, 50, 12, '2023-01-16 06:58:29', '2023-01-16 06:58:29'),
(18, 17, 13, '2023-01-16 07:03:02', '2023-01-16 07:03:02'),
(19, 46, 13, '2023-01-16 07:03:02', '2023-01-16 07:03:02'),
(20, 114, 13, '2023-01-16 07:03:02', '2023-01-16 07:03:02'),
(21, 115, 13, '2023-01-16 07:03:02', '2023-01-16 07:03:02'),
(22, 1, 14, '2023-01-16 07:06:22', '2023-01-16 07:06:22'),
(23, 46, 14, '2023-01-16 07:06:22', '2023-01-16 07:06:22'),
(24, 116, 14, '2023-01-16 07:06:22', '2023-01-16 07:06:22'),
(25, 46, 15, '2023-01-16 07:08:25', '2023-01-16 07:08:25'),
(26, 114, 15, '2023-01-16 07:08:32', '2023-01-16 07:08:32'),
(27, 7, 15, '2023-01-16 07:08:39', '2023-01-16 07:08:39'),
(28, 49, 15, '2023-01-16 07:09:17', '2023-01-16 07:09:17'),
(29, 115, 15, '2023-01-16 07:09:28', '2023-01-16 07:09:28'),
(30, 46, 17, '2023-01-17 02:12:27', '2023-01-17 02:12:27'),
(31, 7, 16, '2023-01-17 08:07:30', '2023-01-17 08:07:30'),
(32, 46, 16, '2023-01-17 08:07:37', '2023-01-17 08:07:37'),
(33, 117, 16, '2023-01-17 08:07:53', '2023-01-17 08:07:53'),
(34, 116, 16, '2023-01-17 08:08:05', '2023-01-17 08:08:05'),
(35, 114, 20, '2023-01-17 08:08:53', '2023-01-17 08:08:53'),
(36, 10, 20, '2023-01-17 08:09:21', '2023-01-17 08:09:21'),
(37, 17, 20, '2023-01-17 08:09:36', '2023-01-17 08:09:36'),
(38, 119, 20, '2023-01-17 08:12:40', '2023-01-17 08:12:40'),
(39, 118, 20, '2023-01-17 08:12:45', '2023-01-17 08:12:45'),
(40, 46, 19, '2023-01-17 08:17:59', '2023-01-17 08:17:59'),
(41, 120, 19, '2023-01-17 08:18:32', '2023-01-17 08:18:32'),
(42, 10, 19, '2023-01-17 08:18:43', '2023-01-17 08:18:43'),
(43, 9, 19, '2023-01-17 08:18:52', '2023-01-17 08:18:52'),
(44, 49, 19, '2023-01-17 08:19:06', '2023-01-17 08:19:06'),
(45, 19, 19, '2023-01-17 08:19:17', '2023-01-17 08:19:17'),
(46, 17, 19, '2023-01-17 08:19:27', '2023-01-17 08:19:27'),
(47, 16, 19, '2023-01-17 08:19:33', '2023-01-17 08:19:33'),
(48, 7, 18, '2023-01-17 08:21:16', '2023-01-17 08:21:16'),
(49, 10, 18, '2023-01-17 08:21:27', '2023-01-17 08:21:27'),
(50, 121, 18, '2023-01-17 08:22:26', '2023-01-17 08:22:26'),
(51, 114, 18, '2023-01-17 08:25:10', '2023-01-17 08:25:10'),
(52, 46, 18, '2023-01-17 08:25:22', '2023-01-17 08:25:22'),
(53, 16, 18, '2023-01-17 08:25:28', '2023-01-17 08:25:28'),
(54, 9, 18, '2023-01-17 08:26:36', '2023-01-17 08:26:36'),
(55, 123, 18, '2023-01-17 08:27:07', '2023-01-17 08:27:07'),
(56, 52, 11, '2023-01-17 08:34:28', '2023-01-17 08:34:28');



INSERT INTO `religions` (`id`, `name`, `created_at`, `updated_at`) VALUES
(1, 'Muslim', '2023-01-04 05:53:42', '2023-01-04 05:53:42'),
(2, 'Orthodox', '2023-01-04 05:53:49', '2023-01-04 05:53:49'),
(3, 'Protestant', '2023-01-04 22:52:11', '2023-01-13 03:43:01'),
(4, 'Catholic', '2023-01-13 03:37:06', '2023-01-13 03:37:06'),
(5, 'Other', '2023-01-13 03:41:38', '2023-01-13 03:41:38'),
(6, 'Adventist', '2023-01-13 03:49:44', '2023-01-13 03:49:44'),
(7, 'Jehovah Witnesses', '2023-01-13 03:52:51', '2023-01-13 03:52:51'),
(8, 'Waaqeffanna', '2023-01-13 03:58:12', '2023-01-13 03:58:12');



INSERT INTO `roles` (`id`, `name`, `guard_name`, `created_at`, `updated_at`) VALUES
(1, 'employee', 'web', '2023-01-01 23:20:03', '2023-01-01 23:20:03'),
(2, 'System_admin', 'web', '2023-01-01 23:20:03', '2023-01-03 04:11:21'),
(3, 'super-admin', 'web', '2023-01-01 23:20:03', '2023-01-03 04:15:10'),
(5, 'HR-Officer', 'web', '2023-01-03 04:11:52', '2023-01-03 04:11:52'),
(6, 'Data-encoder', 'web', '2023-01-03 04:12:06', '2023-01-03 04:12:06'),
(7, 'Team-leader', 'web', '2023-01-03 04:12:44', '2023-01-03 04:12:44'),
(8, 'admin', 'web', '2023-01-04 04:34:33', '2023-01-04 04:34:33'),
(10, 'super_admin', 'web', '2023-01-04 05:12:13', '2023-01-04 05:12:13'),
(11, 'HR-Director', 'web', '2023-01-05 21:44:43', '2023-01-05 21:44:43');



INSERT INTO `role_has_permissions` (`permission_id`, `role_id`) VALUES
(2, 1),
(2, 2),
(2, 3),
(2, 5),
(2, 6),
(2, 7),
(2, 8),
(2, 10),
(2, 11);



INSERT INTO `sessions` (`id`, `user_id`, `ip_address`, `user_agent`, `payload`, `last_activity`) VALUES
('hOvn3kTwCOcvGsLPQ3JvuLG3OjFOiqlQwQFTTSya', 1, '127.0.0.1', 'Mozilla/5.0 (X11; Ubuntu; Linux x86_64; rv:109.0) Gecko/20100101 Firefox/112.0', 'YTo1OntzOjY6Il90b2tlbiI7czo0MDoiMVhKcFVvSWRmOXUxeldrOXBSM0RyaGNlQzU4c01nZjRsUTY5RFNwciI7czo5OiJfcHJldmlvdXMiO2E6MTp7czozOiJ1cmwiO3M6MzM6Imh0dHA6Ly8xMjcuMC4wLjE6ODAwMC91c2VyLzkvZWRpdCI7fXM6NjoiX2ZsYXNoIjthOjI6e3M6Mzoib2xkIjthOjA6e31zOjM6Im5ldyI7YTowOnt9fXM6MzoidXJsIjthOjE6e3M6ODoiaW50ZW5kZWQiO3M6MjY6Imh0dHA6Ly8xMjcuMC4wLjE6ODAwMC9ob21lIjt9czo1MDoibG9naW5fd2ViXzU5YmEzNmFkZGMyYjJmOTQwMTU4MGYwMTRjN2Y1OGVhNGUzMDk4OWQiO2k6MTt9', 1682326306),
('Oluwi1HjVtpR9te1FupDJsyLJ0euE0Q1jXnKR5RU', NULL, '127.0.0.1', 'Mozilla/5.0 (X11; Ubuntu; Linux x86_64; rv:109.0) Gecko/20100101 Firefox/112.0', 'YTo0OntzOjY6Il90b2tlbiI7czo0MDoiZWY2ZnFrS1oyMXNwbWlIcVdKRG1HQUFPYTFRTDRrRUsxSXg5eVloaiI7czozOiJ1cmwiO2E6MTp7czo4OiJpbnRlbmRlZCI7czoyNjoiaHR0cDovLzEyNy4wLjAuMTo4MDAwL2hvbWUiO31zOjk6Il9wcmV2aW91cyI7YToxOntzOjM6InVybCI7czoyNzoiaHR0cDovLzEyNy4wLjAuMTo4MDAwL2xvZ2luIjt9czo2OiJfZmxhc2giO2E6Mjp7czozOiJvbGQiO2E6MDp7fXM6MzoibmV3IjthOjA6e319fQ==', 1682335601);



INSERT INTO `templates` (`id`, `template_type_id`, `body`, `created_at`, `updated_at`) VALUES
(1, 2, '<p>የጅማ ዩኒቨርሲቲ %unit% %posotion% የሥራ መደብ %employementType% ለመቅጠር በቀን %vacancyDate% ዓ/ም ባወጣው ማስታወቂያ መሠረት ተመዝግበው %examDate% ዓ.ም. በተሠጠው የጹሑፍ ፈተና እና በ %interviewDate% ዓ.ም. የተግባር ፈተና ወስደው እርስዎ ከተወዳዳሪዎች መካከል %totalmark% % ውጤት በማምጣት በ %employementType% እንዲቀጠሩ ተወስኗል፡፡</p>\n<p>በዚሁ መሰረት በደረጃ %jobLevel% በመደብ መታወቂያ ቁጥር %jobCode% በ %unit% በ%position% የሥራ መደብ ለስድስት ወር የሙከራ ጊዜ የተቀጠሩ መሆኑን እያስታወቅን በዚህ ጊዜ ውስጥ የተጣለብዎትን የስራ ኃላፊነት በትጋትና በታማኝነት እንዲወጡ እያሳሰብን ለሥራ መደቡ የተፈቀደው የወር ደመወዝ ብር %salary% /ሦስት ሺህ ዘጠኝ መቶ ሰላሳ አራት ብር/ እየተከፈልዎት እንዲሠሩ ተፈቅዷል::</p>\n<p>የክፍያና ሂሳብ አስተዳደር ዳይሬክቶሬትም ከ %hireDate% ዓ.ም. ጀምሮ ደመወዝዎን ከገንዘብና የኢኮኖሚ ልማት ትብብር ሚኒስቴር እየጠየቀ በማምጣት እንዲከፍልዎ በዚህ ደብዳቤ ግልባጭ እናሳስባለን፡፡</p>\n<ul>\n\n', '2023-04-01 08:27:05', '2023-04-02 15:49:34');



INSERT INTO `template_types` (`id`, `name`, `description`, `created_at`, `updated_at`) VALUES
(1, 'Experience letter', NULL, '2023-01-04 05:26:57', '2023-01-04 05:26:57'),
(2, 'Probation Hire Letter', NULL, '2023-01-04 05:27:04', '2023-04-02 18:22:29'),
(3, 'Permanent Hire Letter', NULL, '2023-04-02 18:22:43', '2023-04-02 18:22:43');




INSERT INTO `type_of_leaves` (`id`, `name`, `description`, `created_at`, `updated_at`) VALUES
(1, 'Retirment', NULL, '2023-01-04 05:26:01', '2023-01-04 05:26:01'),
(2, 'By death', NULL, '2023-01-04 05:26:09', '2023-01-04 05:26:09'),
(3, 'By Resignation', NULL, '2023-01-04 05:26:24', '2023-01-04 05:26:24'),
(4, 'Annual break', NULL, '2023-01-04 05:26:32', '2023-01-04 05:26:32'),
(5, 'For study and Training', NULL, '2023-01-04 05:26:41', '2023-01-04 05:26:41');



INSERT INTO `units` (`id`, `name`, `level`, `subordinate`, `email`, `telephone`, `extension_line`, `location`, `seal`, `teter`, `vision`, `mission`, `objective`, `building_number`, `office_number`, `motto`, `value_list`, `parent_unit_id`, `reports_to_id`, `organization_id`, `chair_man_type_id`, `created_at`, `updated_at`) VALUES
(1, 'Jimma University', NULL, 0, NULL, NULL, NULL, NULL, NULL, NULL, NULL, NULL, NULL, NULL, NULL, NULL, NULL, NULL, NULL, NULL, NULL, '2022-12-16 05:14:15', '2022-12-16 05:14:50'),
(2, 'የዩኒቨርስቲዉ ፕሬዝዳንት', NULL, 2, NULL, NULL, NULL, NULL, NULL, NULL, NULL, NULL, NULL, NULL, NULL, NULL, NULL, 1, NULL, NULL, NULL, '2022-12-16 05:14:37', '2023-01-09 05:24:49'),
(3, 'የአካዳሚክ ጉዳዮች ምክትል ፕሬዝዳንት ጽ/ቤት', NULL, 0, NULL, NULL, NULL, NULL, NULL, NULL, NULL, NULL, NULL, NULL, NULL, NULL, NULL, 2, NULL, NULL, NULL, '2022-12-16 05:16:39', '2022-12-16 05:16:39'),
(4, 'የአስተዳደርና ልማት ም/ፕሬዝዳንት ጽ/ቤት', NULL, 0, NULL, NULL, NULL, NULL, NULL, NULL, NULL, NULL, NULL, NULL, NULL, NULL, NULL, 2, NULL, NULL, NULL, '2022-12-16 05:17:30', '2022-12-16 05:17:30'),
(5, 'የምርምርና ትብብር ም/ፕሬዝዳንት ጽ/ቤት', NULL, 0, NULL, NULL, NULL, NULL, NULL, NULL, NULL, NULL, NULL, NULL, NULL, NULL, NULL, 2, NULL, NULL, NULL, '2022-12-16 05:18:38', '2022-12-16 05:18:38'),
(6, 'የቴክኖሎጂ ኢንስቲትዩት  ሳይንቲፊክ ዳይሬክተር', NULL, 0, NULL, NULL, NULL, NULL, NULL, NULL, NULL, NULL, NULL, NULL, NULL, NULL, NULL, 2, NULL, NULL, NULL, '2022-12-16 05:21:01', '2023-01-11 04:20:46'),
(8, 'የአካዳሚክ ጉዳዩች ም/ሳይንቲፊክ ዳይሬክተር ጽ/ቤት', NULL, 0, NULL, NULL, NULL, NULL, NULL, NULL, NULL, NULL, NULL, NULL, NULL, NULL, NULL, 6, NULL, NULL, NULL, '2022-12-16 05:22:17', '2022-12-16 05:22:17'),
(9, 'የምርምርና ማህበረሰብ አቀፍና ኢንዱስትሪ ትስስር ም/ሣይንቲፊክ ዳይሬከተር ጽ/ቤት', NULL, 0, NULL, NULL, NULL, NULL, NULL, NULL, NULL, NULL, NULL, NULL, NULL, NULL, NULL, 6, NULL, NULL, NULL, '2022-12-16 05:22:52', '2022-12-16 05:22:52'),
(10, 'የጤና ኢንስቲትዩት ቺፍ ኤክስኪዩቲቭ ዳይሬክተር', NULL, 0, NULL, NULL, NULL, NULL, NULL, NULL, NULL, NULL, NULL, NULL, NULL, NULL, NULL, 2, NULL, NULL, NULL, '2022-12-16 05:24:46', '2023-01-09 06:33:20'),
(12, 'የአካዳሚክና የምርምር ዳይሬክተር ጽ/ቤት', NULL, 0, NULL, NULL, NULL, NULL, NULL, NULL, NULL, NULL, NULL, NULL, NULL, NULL, NULL, 10, NULL, NULL, NULL, '2022-12-16 05:26:47', '2022-12-16 05:26:47'),
(13, 'ክሊኒካል ዳይሬክተር ጽ/ቤት', NULL, 0, NULL, NULL, NULL, NULL, NULL, NULL, NULL, NULL, NULL, NULL, NULL, NULL, NULL, 10, NULL, NULL, NULL, '2022-12-16 05:28:12', '2022-12-16 05:28:12'),
(15, 'የግብርናና እንስሳት ህክምና ኮሌጅ ዲን', NULL, 0, NULL, NULL, NULL, NULL, NULL, NULL, NULL, NULL, NULL, NULL, NULL, NULL, NULL, 3, NULL, NULL, NULL, '2022-12-16 05:35:00', '2023-01-10 22:59:06'),
(19, 'የአካዳሚክና ምርምር ጉዳዩች ም/ዲን ጽ/ቤት', NULL, 0, NULL, NULL, NULL, NULL, NULL, NULL, NULL, NULL, NULL, NULL, NULL, NULL, NULL, 15, NULL, NULL, NULL, '2022-12-16 05:42:18', '2022-12-16 05:42:18'),
(20, 'የአጋሮ ካምፓስ', NULL, 0, NULL, NULL, NULL, NULL, NULL, NULL, NULL, NULL, NULL, NULL, NULL, NULL, NULL, 3, NULL, NULL, NULL, '2022-12-16 05:44:20', '2023-01-09 05:21:48'),
(21, 'Agaro-ዲን ጽ/ቤት', NULL, 0, NULL, NULL, NULL, NULL, NULL, NULL, NULL, NULL, NULL, NULL, NULL, NULL, NULL, 20, NULL, NULL, NULL, '2022-12-16 05:44:52', '2023-01-06 02:58:56'),
(23, 'Agaro-የአካዳሚክና ምርምር ጉዳዩች ም/ዲን ጽ/ቤት', NULL, 0, NULL, NULL, NULL, NULL, NULL, NULL, NULL, NULL, NULL, NULL, NULL, NULL, NULL, 20, NULL, NULL, NULL, '2022-12-16 05:46:16', '2022-12-16 05:46:16'),
(24, 'የተፈጥሮ ሳይንስ ኮሌጅ  ዲን', NULL, 0, NULL, NULL, NULL, NULL, NULL, NULL, NULL, NULL, NULL, NULL, NULL, NULL, NULL, 3, NULL, NULL, NULL, '2022-12-16 05:47:16', '2023-01-11 02:58:52'),
(27, 'የሶሻል ሳይንስና ሂዉማኒቲስ ኮሌጅ', NULL, 0, NULL, NULL, NULL, NULL, NULL, NULL, NULL, NULL, NULL, NULL, NULL, NULL, NULL, 3, NULL, NULL, NULL, '2022-12-16 05:49:15', '2023-01-09 05:20:33'),
(31, 'የቢዝነስና ኢኮኖሚክስ ኮሌጅ', NULL, 0, NULL, NULL, NULL, NULL, NULL, NULL, NULL, NULL, NULL, NULL, NULL, NULL, NULL, 3, NULL, NULL, NULL, '2022-12-16 05:51:31', '2023-01-09 05:12:47'),
(32, 'ኮሌጅ ዲን', NULL, 0, NULL, NULL, NULL, NULL, NULL, NULL, NULL, NULL, NULL, NULL, NULL, NULL, NULL, 31, NULL, NULL, NULL, '2022-12-16 05:52:07', '2022-12-16 05:52:07'),
(34, 'CBE-የአካዳሚክና ምርምር ጉዳዩች ም/ዲን', NULL, 0, NULL, NULL, NULL, NULL, NULL, NULL, NULL, NULL, NULL, NULL, NULL, NULL, NULL, 31, NULL, NULL, NULL, '2022-12-16 05:52:55', '2022-12-16 05:52:55'),
(35, 'የሕግና አስተዳደር ኮሌጅ ዲን', NULL, 0, NULL, NULL, NULL, NULL, NULL, NULL, NULL, NULL, NULL, NULL, NULL, NULL, NULL, 3, NULL, NULL, NULL, '2022-12-16 05:53:25', '2023-01-12 04:55:25'),
(40, 'የስነ-ባህሪ ኮሌጅ', NULL, 0, NULL, NULL, NULL, NULL, NULL, NULL, NULL, NULL, NULL, NULL, NULL, NULL, NULL, 3, NULL, NULL, NULL, '2022-12-16 05:55:13', '2023-01-09 05:08:27'),
(41, 'የስነ-ባህሪ ኮሌጅ ዲን ጽ/ቤት', NULL, 0, NULL, NULL, NULL, NULL, NULL, NULL, NULL, NULL, NULL, NULL, NULL, NULL, NULL, 40, NULL, NULL, NULL, '2022-12-16 05:55:31', '2022-12-16 05:55:31'),
(42, 'CBS-የአካዳሚክና ምርምር ጉዳዩች ም/ዲን', NULL, 0, NULL, NULL, NULL, NULL, NULL, NULL, NULL, NULL, NULL, NULL, NULL, NULL, NULL, 40, NULL, NULL, NULL, '2022-12-16 05:56:23', '2022-12-16 05:56:23'),
(43, 'የስፖርት አካዳሚ', NULL, 0, NULL, NULL, NULL, NULL, NULL, NULL, NULL, NULL, NULL, NULL, NULL, NULL, NULL, 3, NULL, NULL, NULL, '2022-12-16 05:57:13', '2023-01-09 05:12:15'),
(44, 'የስፖርት አካዳሚ ጽ/ቤት', NULL, 0, NULL, NULL, NULL, NULL, NULL, NULL, NULL, NULL, NULL, NULL, NULL, NULL, NULL, 43, NULL, NULL, NULL, '2022-12-16 05:57:34', '2022-12-16 05:57:34'),
(45, 'CSA-የአካዳሚክና ምርምር ጉዳዩች ም/ዲን', NULL, 0, NULL, NULL, NULL, NULL, NULL, NULL, NULL, NULL, NULL, NULL, NULL, NULL, NULL, 43, NULL, NULL, NULL, '2022-12-16 05:58:00', '2022-12-16 05:58:00'),
(46, 'CSA-የት/ት ኘሮግራሞች ጥራት ምዘናና ፈተና ማስተባበሪያ', NULL, 0, NULL, NULL, NULL, NULL, NULL, NULL, NULL, NULL, NULL, NULL, NULL, NULL, NULL, 43, NULL, NULL, NULL, '2023-01-05 05:56:30', '2023-01-10 23:42:26'),
(47, 'የስፖርት ሣይንስ ትምህርት ክፍል', NULL, 0, NULL, NULL, NULL, NULL, NULL, NULL, NULL, NULL, NULL, NULL, NULL, NULL, NULL, 43, NULL, NULL, NULL, '2023-01-05 05:56:52', '2023-01-05 05:56:52'),
(48, 'የስፖርት ውድድርና ስልጠና አገልግሎት ትምህርት ክፍል', NULL, 0, NULL, NULL, NULL, NULL, NULL, NULL, NULL, NULL, NULL, NULL, NULL, NULL, NULL, 43, NULL, NULL, NULL, '2023-01-05 05:57:11', '2023-01-05 05:57:11'),
(49, 'የአካል ብቃት ጤናና መዝናኛ ትምህርት ክፍል', NULL, 0, NULL, NULL, NULL, NULL, NULL, NULL, NULL, NULL, NULL, NULL, NULL, NULL, NULL, 43, NULL, NULL, NULL, '2023-01-05 05:57:34', '2023-01-05 05:57:34'),
(50, 'CSA-ሬጅስትራር ጽ/ቤት', NULL, 0, NULL, NULL, NULL, NULL, NULL, NULL, NULL, NULL, NULL, NULL, NULL, NULL, NULL, 43, NULL, NULL, NULL, '2023-01-05 05:58:41', '2023-01-05 05:58:41'),
(51, 'CSA-ማኔጂንግ ዳይሬክተር', NULL, 0, NULL, NULL, NULL, NULL, NULL, NULL, NULL, NULL, NULL, NULL, NULL, NULL, NULL, 43, NULL, NULL, NULL, '2023-01-05 06:00:00', '2023-01-05 06:00:00'),
(52, 'CSA-የትምህርት ክፋል ፀሐፊዎች', NULL, 0, NULL, NULL, NULL, NULL, NULL, NULL, NULL, NULL, NULL, NULL, NULL, NULL, NULL, 43, NULL, NULL, NULL, '2023-01-05 06:00:24', '2023-01-05 06:00:24'),
(53, 'CSA-የስፖርት ፋሲሊቲዎች አስተዳደር', NULL, 0, NULL, NULL, NULL, NULL, NULL, NULL, NULL, NULL, NULL, NULL, NULL, NULL, NULL, 43, NULL, NULL, NULL, '2023-01-05 06:00:56', '2023-01-05 06:00:56'),
(54, 'CSA-ግዥ ቡድን', NULL, 0, NULL, NULL, NULL, NULL, NULL, NULL, NULL, NULL, NULL, NULL, NULL, NULL, NULL, 43, NULL, NULL, NULL, '2023-01-05 06:10:05', '2023-01-05 06:10:05'),
(55, 'CSA-ንብረት አስተዳደር ቡድን', NULL, 0, NULL, NULL, NULL, NULL, NULL, NULL, NULL, NULL, NULL, NULL, NULL, NULL, NULL, 43, NULL, NULL, NULL, '2023-01-05 06:10:27', '2023-01-05 06:10:27'),
(56, 'CSA-የፋይናንስ አስተዳደር ቡድን', NULL, 0, NULL, NULL, NULL, NULL, NULL, NULL, NULL, NULL, NULL, NULL, NULL, NULL, NULL, 43, NULL, NULL, NULL, '2023-01-05 06:10:44', '2023-01-05 06:10:56'),
(57, 'CSA-የጠቅላላ አገልግሎት ቡድን', NULL, 0, NULL, NULL, NULL, NULL, NULL, NULL, NULL, NULL, NULL, NULL, NULL, NULL, NULL, 43, NULL, NULL, NULL, '2023-01-05 06:11:20', '2023-01-05 06:11:20'),
(58, 'CBS-የት/ት ኘሮግራሞች ጥራት ምዘናና ፈተና ማስተባበሪያ', NULL, 0, NULL, NULL, NULL, NULL, NULL, NULL, NULL, NULL, NULL, NULL, NULL, NULL, NULL, 42, NULL, NULL, NULL, '2023-01-05 06:16:48', '2023-01-10 23:41:46'),
(59, 'CBS-የማህበረሰብ አቀፍ ትምህርት ፕሮግራም ማስተባበሪያ', NULL, 0, NULL, NULL, NULL, NULL, NULL, NULL, NULL, NULL, NULL, NULL, NULL, NULL, NULL, 42, NULL, NULL, NULL, '2023-01-05 06:17:31', '2023-01-05 06:17:31'),
(60, 'የካዉንሲሊንግ ሳይኮሎጂ ትምህርት ክፍል', NULL, 0, NULL, NULL, NULL, NULL, NULL, NULL, NULL, NULL, NULL, NULL, NULL, NULL, NULL, 42, NULL, NULL, NULL, '2023-01-05 06:18:14', '2023-01-05 06:18:14'),
(61, 'የትምህርት ዕቅድና ስራ አመራር ትምህር ትክፍል', NULL, 0, NULL, NULL, NULL, NULL, NULL, NULL, NULL, NULL, NULL, NULL, NULL, NULL, NULL, 42, NULL, NULL, NULL, '2023-01-05 06:18:59', '2023-01-05 06:18:59'),
(62, 'የመምህራን ትምህርት ጥናትና ስርዓተ ትምህርት ክፍል', NULL, 0, NULL, NULL, NULL, NULL, NULL, NULL, NULL, NULL, NULL, NULL, NULL, NULL, NULL, 42, NULL, NULL, NULL, '2023-01-05 06:19:22', '2023-01-05 06:19:22'),
(63, 'የልዩ ፍላጎትና አካቶ ትምህርት ክፍል', NULL, 0, NULL, NULL, NULL, NULL, NULL, NULL, NULL, NULL, NULL, NULL, NULL, NULL, NULL, 42, NULL, NULL, NULL, '2023-01-05 06:19:45', '2023-01-05 06:19:45'),
(64, 'የምርምርና የድህረምረቃ ፕሮግራም ማስተባበሪያ', NULL, 0, NULL, NULL, NULL, NULL, NULL, NULL, NULL, NULL, NULL, NULL, NULL, NULL, NULL, 42, NULL, NULL, NULL, '2023-01-05 06:20:04', '2023-01-05 06:20:04'),
(65, 'CBS-ሬጅስትራር ጽ/ቤት', NULL, 0, NULL, NULL, NULL, NULL, NULL, NULL, NULL, NULL, NULL, NULL, NULL, NULL, NULL, 42, NULL, NULL, NULL, '2023-01-05 06:21:24', '2023-01-05 06:21:24'),
(66, 'የኮሌጅ አስተዳደር', NULL, 0, NULL, NULL, NULL, NULL, NULL, NULL, NULL, NULL, NULL, NULL, NULL, NULL, NULL, 42, NULL, NULL, NULL, '2023-01-05 06:21:50', '2023-01-05 06:21:50'),
(67, 'የትምህርት ክፋል ፀሐፊዎች', NULL, 0, NULL, NULL, NULL, NULL, NULL, NULL, NULL, NULL, NULL, NULL, NULL, NULL, NULL, 42, NULL, NULL, NULL, '2023-01-05 06:22:15', '2023-01-05 06:22:15'),
(68, 'የፋይናንስ  አስተዳደር ቡድን', NULL, 0, NULL, NULL, NULL, NULL, NULL, NULL, NULL, NULL, NULL, NULL, NULL, NULL, NULL, 42, NULL, NULL, NULL, '2023-01-05 06:22:33', '2023-01-05 06:22:33'),
(69, 'የግዢ ቡድን', NULL, 0, NULL, NULL, NULL, NULL, NULL, NULL, NULL, NULL, NULL, NULL, NULL, NULL, NULL, 42, NULL, NULL, NULL, '2023-01-05 06:22:52', '2023-01-05 06:22:52'),
(70, 'የንብረት ስራ አመራር ቡድን', NULL, 0, NULL, NULL, NULL, NULL, NULL, NULL, NULL, NULL, NULL, NULL, NULL, NULL, NULL, 42, NULL, NULL, NULL, '2023-01-05 06:23:10', '2023-01-05 06:23:10'),
(71, 'የጠቅላላ አገልግሎት', NULL, 0, NULL, NULL, NULL, NULL, NULL, NULL, NULL, NULL, NULL, NULL, NULL, NULL, NULL, 42, NULL, NULL, NULL, '2023-01-05 06:23:27', '2023-01-05 06:23:27'),
(72, 'የመረጃና ግንኙነት ቴክኖሎጂ ጽ/ቤት', NULL, 0, NULL, NULL, NULL, NULL, NULL, NULL, NULL, NULL, NULL, NULL, NULL, NULL, NULL, 581, NULL, NULL, NULL, '2023-01-05 06:27:14', '2023-01-09 05:28:19'),
(73, 'የአካዳሚክ ፕሮግራሞችና የትምህርት ጥራት ማሻሻያ ዳይሬክቶሬት', NULL, 0, NULL, NULL, NULL, NULL, NULL, NULL, NULL, NULL, NULL, NULL, NULL, NULL, NULL, 3, NULL, NULL, NULL, '2023-01-05 06:29:14', '2023-01-05 06:29:14'),
(74, 'የመምህራን አቅም ግንባታና ትምህርት ልማት ማዕከል ማስተባበሪያ ጽ/ቤት', NULL, 0, NULL, NULL, NULL, NULL, NULL, NULL, NULL, NULL, NULL, NULL, NULL, NULL, NULL, 73, NULL, NULL, NULL, '2023-01-05 06:29:30', '2023-01-09 22:40:25'),
(75, 'የተማሪዎች ክህሎት ማጎልበቻ ማስተባበሪያ', NULL, 0, NULL, NULL, NULL, NULL, NULL, NULL, NULL, NULL, NULL, NULL, NULL, NULL, NULL, 73, NULL, NULL, NULL, '2023-01-05 06:29:47', '2023-01-09 22:39:27'),
(76, 'የማህበረሰብ አቀፍ ትምህርት ዳይሬክቶሬት', NULL, 0, NULL, NULL, NULL, NULL, NULL, NULL, NULL, NULL, NULL, NULL, NULL, NULL, NULL, 3, NULL, NULL, NULL, '2023-01-05 06:30:04', '2023-01-05 06:30:04'),
(77, 'ሬጅስትራር ጽ/ቤት', NULL, 0, NULL, NULL, NULL, NULL, NULL, NULL, NULL, NULL, NULL, NULL, NULL, NULL, NULL, 3, NULL, NULL, NULL, '2023-01-05 06:30:47', '2023-01-05 06:30:47'),
(80, 'የድህረ ምረቃ  ዳይሬክቶሬት', NULL, 0, NULL, NULL, NULL, NULL, NULL, NULL, NULL, NULL, NULL, NULL, NULL, NULL, NULL, 3, NULL, NULL, NULL, '2023-01-05 06:32:02', '2023-01-09 22:42:25'),
(81, 'የተከታታይ  ትምህርትና  የኢ-ለርኒንግ ፕሮግራም ዳይሬክቶሬት', NULL, 0, NULL, NULL, NULL, NULL, NULL, NULL, NULL, NULL, NULL, NULL, NULL, NULL, NULL, 3, NULL, NULL, NULL, '2023-01-05 06:32:16', '2023-01-09 22:50:59'),
(85, 'የቤተ-መጻህፍት አገልግሎት ዳይሬክቶሬት', NULL, 0, NULL, NULL, NULL, NULL, NULL, NULL, NULL, NULL, NULL, NULL, NULL, NULL, NULL, 3, NULL, NULL, NULL, '2023-01-05 06:34:24', '2023-01-05 06:34:24'),
(97, 'የሰው ሀብት አስተዳደርና ልማት ጽ/ቤት', NULL, 0, NULL, NULL, NULL, NULL, NULL, NULL, NULL, NULL, NULL, NULL, NULL, NULL, NULL, 4, NULL, NULL, NULL, '2023-01-05 21:55:34', '2023-01-05 21:55:34'),
(101, 'የፋይናንስ አስተዳደር ጽ/ቤት', NULL, 0, NULL, NULL, NULL, NULL, NULL, NULL, NULL, NULL, NULL, NULL, NULL, NULL, NULL, 4, NULL, NULL, NULL, '2023-01-05 21:57:58', '2023-01-05 21:57:58'),
(106, 'የግዥ አስተዳዳር ጽ/ቤት', NULL, 0, NULL, NULL, NULL, NULL, NULL, NULL, NULL, NULL, NULL, NULL, NULL, NULL, NULL, 4, NULL, NULL, NULL, '2023-01-05 21:59:10', '2023-01-05 21:59:10'),
(108, 'የንብረት አስተዳዳር ጽ/ቤት', NULL, 0, NULL, NULL, NULL, NULL, NULL, NULL, NULL, NULL, NULL, NULL, NULL, NULL, NULL, 4, NULL, NULL, NULL, '2023-01-05 22:08:46', '2023-01-05 22:08:46'),
(109, 'የጠቅላላ አገልግሎት  ጽ/ቤት', NULL, 0, NULL, NULL, NULL, NULL, NULL, NULL, NULL, NULL, NULL, NULL, NULL, NULL, NULL, 4, NULL, NULL, NULL, '2023-01-05 22:09:02', '2023-01-05 22:09:02'),
(116, 'ትራንስፖርትና ስምሪትና  ተሸከርካሪ  ጋራዥ አገልግሎት', NULL, 0, NULL, NULL, NULL, NULL, NULL, NULL, NULL, NULL, NULL, NULL, NULL, NULL, NULL, 4, NULL, NULL, NULL, '2023-01-05 22:33:06', '2023-01-10 22:30:15'),
(117, 'የፀጥታና ደህንነት አገልግሎት ጽ/ቤት', NULL, 0, NULL, NULL, NULL, NULL, NULL, NULL, NULL, NULL, NULL, NULL, NULL, NULL, NULL, 4, NULL, NULL, NULL, '2023-01-05 22:33:20', '2023-01-05 22:33:20'),
(120, 'የተማሪዎች አገልግሎት ጽ/ቤት', NULL, 0, NULL, NULL, NULL, NULL, NULL, NULL, NULL, NULL, NULL, NULL, NULL, NULL, NULL, 4, NULL, NULL, NULL, '2023-01-05 22:34:09', '2023-01-05 22:34:09'),
(121, 'የተማሪዎች አገልግሎት  ዲን', NULL, 0, NULL, NULL, NULL, NULL, NULL, NULL, NULL, NULL, NULL, NULL, NULL, NULL, NULL, 4, NULL, NULL, NULL, '2023-01-05 22:34:22', '2023-01-10 22:52:44'),
(127, 'የገቢ ማመንጫና ልማት ስራ አስፈፃሚ ጽ/ቤት', NULL, 0, NULL, NULL, NULL, NULL, NULL, NULL, NULL, NULL, NULL, NULL, NULL, NULL, NULL, 4, NULL, NULL, NULL, '2023-01-05 22:35:47', '2023-01-10 22:57:14'),
(133, 'የምርምር ጉዳዩች ዳይሬክቶሬት', NULL, 0, NULL, NULL, NULL, NULL, NULL, NULL, NULL, NULL, NULL, NULL, NULL, NULL, NULL, 5, NULL, NULL, NULL, '2023-01-05 22:37:49', '2023-01-05 22:37:49'),
(134, 'ዩኒቨርስቲ እንዱስትሪ ትስስር ትስስር ዳይሬክቶሬት', NULL, 0, NULL, NULL, NULL, NULL, NULL, NULL, NULL, NULL, NULL, NULL, NULL, NULL, NULL, 5, NULL, NULL, NULL, '2023-01-05 22:38:07', '2023-01-05 22:38:07'),
(135, 'የትሮፒካልና ተላላፊ በሽታዎች የምርምር ማዕከል', NULL, 0, NULL, NULL, NULL, NULL, NULL, NULL, NULL, NULL, NULL, NULL, NULL, NULL, NULL, 5, NULL, NULL, NULL, '2023-01-05 22:38:45', '2023-01-05 22:38:45'),
(136, 'ግራንት ማፈላለግና ትብብር አስተዳደር ዳሬክቶሬት', NULL, 0, NULL, NULL, NULL, NULL, NULL, NULL, NULL, NULL, NULL, NULL, NULL, NULL, NULL, 5, NULL, NULL, NULL, '2023-01-05 22:39:00', '2023-01-09 23:24:21'),
(137, 'የግራንት ማፈላለግ ቡድን', NULL, 0, NULL, NULL, NULL, NULL, NULL, NULL, NULL, NULL, NULL, NULL, NULL, NULL, NULL, 136, NULL, NULL, NULL, '2023-01-05 22:39:25', '2023-01-09 23:25:37'),
(138, 'የላብራቶሪና የምርምር ፋሲሊቲ ማናጅመንት ዳይሬክቶሬት', NULL, 0, NULL, NULL, NULL, NULL, NULL, NULL, NULL, NULL, NULL, NULL, NULL, NULL, NULL, 5, NULL, NULL, NULL, '2023-01-05 22:39:39', '2023-01-05 22:39:39'),
(139, 'የኦሮሞ ጥናት ኢንስቲትዩት', NULL, 0, NULL, NULL, NULL, NULL, NULL, NULL, NULL, NULL, NULL, NULL, NULL, NULL, NULL, 5, NULL, NULL, NULL, '2023-01-05 22:40:11', '2023-01-05 22:40:11'),
(140, 'የምርምር ማዕከላት አስተዳደር ጽ/ቤት', NULL, 0, NULL, NULL, NULL, NULL, NULL, NULL, NULL, NULL, NULL, NULL, NULL, NULL, NULL, 5, NULL, NULL, NULL, '2023-01-05 22:40:25', '2023-01-05 22:40:25'),
(141, 'የሶኮሩ ምርምርና ማሰልጠኛ ማዕከል', NULL, 0, NULL, NULL, NULL, NULL, NULL, NULL, NULL, NULL, NULL, NULL, NULL, NULL, NULL, 5, NULL, NULL, NULL, '2023-01-05 22:40:39', '2023-01-05 22:40:39'),
(145, 'የኢትዩጵያ አየር ንብረት ለውጥ ጥናት ኢንስቲትዩት', NULL, 0, NULL, NULL, NULL, NULL, NULL, NULL, NULL, NULL, NULL, NULL, NULL, NULL, NULL, 5, NULL, NULL, NULL, '2023-01-05 22:41:41', '2023-01-05 22:41:41'),
(146, 'የዕቅድ፣ መረጃና በጀት ዝግጅት ጽ/ቤት', NULL, 0, NULL, NULL, NULL, NULL, NULL, NULL, NULL, NULL, NULL, NULL, NULL, NULL, NULL, 6, NULL, NULL, NULL, '2023-01-05 22:43:51', '2023-01-10 02:31:07'),
(150, 'የመረጃ ግንኙነት ቴክኖሎጂ ስራ አስፈጻሚ', NULL, 0, NULL, NULL, NULL, NULL, NULL, NULL, NULL, NULL, NULL, NULL, NULL, NULL, NULL, 601, NULL, NULL, NULL, '2023-01-05 22:45:32', '2023-01-11 22:30:44'),
(153, 'የተማሪዎች ስብዕና ግንባታ ም/ዲን', NULL, 0, NULL, NULL, NULL, NULL, NULL, NULL, NULL, NULL, NULL, NULL, NULL, NULL, NULL, 4, NULL, NULL, NULL, '2023-01-05 22:47:15', '2023-01-10 22:48:21'),
(154, 'የሲቪልና የአካባቢ ምህንድስና ትምህርት ፋካልቲ', NULL, 0, NULL, NULL, NULL, NULL, NULL, NULL, NULL, NULL, NULL, NULL, NULL, NULL, NULL, 8, NULL, NULL, NULL, '2023-01-05 22:47:36', '2023-01-05 22:47:36'),
(155, 'የሲቪልና ምህንድስና ትምህርት ክፍል', NULL, 0, NULL, NULL, NULL, NULL, NULL, NULL, NULL, NULL, NULL, NULL, NULL, NULL, NULL, 8, NULL, NULL, NULL, '2023-01-05 23:00:21', '2023-01-05 23:00:21'),
(156, 'የውሃ አቅርቦትና አካባቢ ምህንድስና ትምህርት ክፍል', NULL, 0, NULL, NULL, NULL, NULL, NULL, NULL, NULL, NULL, NULL, NULL, NULL, NULL, NULL, 8, NULL, NULL, NULL, '2023-01-05 23:00:42', '2023-01-05 23:00:42'),
(157, 'የሃይድሮሊክስና የዉሃ ሃብት ምህንድስና ት/ክፍል', NULL, 0, NULL, NULL, NULL, NULL, NULL, NULL, NULL, NULL, NULL, NULL, NULL, NULL, NULL, 8, NULL, NULL, NULL, '2023-01-05 23:01:15', '2023-01-05 23:01:15'),
(158, 'የአርክቴክቸር ት/ክፍል', NULL, 0, NULL, NULL, NULL, NULL, NULL, NULL, NULL, NULL, NULL, NULL, NULL, NULL, NULL, 8, NULL, NULL, NULL, '2023-01-05 23:01:29', '2023-01-05 23:01:29'),
(159, 'የኤሌክትሪካልና ኮምፒዉተር ምህንድስና ፋካልቲ', NULL, 0, NULL, NULL, NULL, NULL, NULL, NULL, NULL, NULL, NULL, NULL, NULL, NULL, NULL, 8, NULL, NULL, NULL, '2023-01-05 23:02:02', '2023-01-05 23:02:02'),
(160, 'የኤሌክትሪካልና ኮምፒዉተር ምህንድስና ት/ክፍል', NULL, 0, NULL, NULL, NULL, NULL, NULL, NULL, NULL, NULL, NULL, NULL, NULL, NULL, NULL, 8, NULL, NULL, NULL, '2023-01-05 23:02:15', '2023-01-05 23:02:15'),
(161, 'የሜካኒካል ምህንድስና ፋካሊቲ', NULL, 0, NULL, NULL, NULL, NULL, NULL, NULL, NULL, NULL, NULL, NULL, NULL, NULL, NULL, 8, NULL, NULL, NULL, '2023-01-05 23:02:27', '2023-01-05 23:02:27'),
(162, 'የሜካኒካል ምህንድስና ት/ክፍል', NULL, 0, NULL, NULL, NULL, NULL, NULL, NULL, NULL, NULL, NULL, NULL, NULL, NULL, NULL, 8, NULL, NULL, NULL, '2023-01-05 23:02:40', '2023-01-05 23:02:40'),
(163, 'የኮምፒውቲንግ ፋካሊቲ', NULL, 0, NULL, NULL, NULL, NULL, NULL, NULL, NULL, NULL, NULL, NULL, NULL, NULL, NULL, 8, NULL, NULL, NULL, '2023-01-05 23:03:04', '2023-01-05 23:03:04'),
(164, 'የኢንፎርሜሽን ቴክኖሎጂ ት/ክፍል', NULL, 0, NULL, NULL, NULL, NULL, NULL, NULL, NULL, NULL, NULL, NULL, NULL, NULL, NULL, 163, NULL, NULL, NULL, '2023-01-05 23:03:35', '2023-01-05 23:03:35'),
(165, 'የኮምፒዉተር ሳይንስ ት/ክፍል', NULL, 0, NULL, NULL, NULL, NULL, NULL, NULL, NULL, NULL, NULL, NULL, NULL, NULL, NULL, 163, NULL, NULL, NULL, '2023-01-05 23:03:49', '2023-01-05 23:03:49'),
(166, 'ሶፍትዌር ኢንጅነሪንግ ት/ክፍል', NULL, 0, NULL, NULL, NULL, NULL, NULL, NULL, NULL, NULL, NULL, NULL, NULL, NULL, NULL, 163, NULL, NULL, NULL, '2023-01-05 23:04:07', '2023-01-05 23:04:07'),
(167, 'የኢንፎርሜሽን ሳይንስ ትምህርት ክፍል', NULL, 0, NULL, NULL, NULL, NULL, NULL, NULL, NULL, NULL, NULL, NULL, NULL, NULL, NULL, 163, NULL, NULL, NULL, '2023-01-05 23:04:24', '2023-01-05 23:04:24'),
(168, 'የኬሚካል ምህንድስና ት/ክፍል', NULL, 0, NULL, NULL, NULL, NULL, NULL, NULL, NULL, NULL, NULL, NULL, NULL, NULL, NULL, 8, NULL, NULL, NULL, '2023-01-05 23:18:33', '2023-01-05 23:18:33'),
(169, 'የባዮሜዲካል ፋካሊቲ', NULL, 0, NULL, NULL, NULL, NULL, NULL, NULL, NULL, NULL, NULL, NULL, NULL, NULL, NULL, 8, NULL, NULL, NULL, '2023-01-05 23:19:29', '2023-01-05 23:19:29'),
(171, 'የማቴሪያል ሳይንስና ምህንድስና ፋካሊቲ', NULL, 0, NULL, NULL, NULL, NULL, NULL, NULL, NULL, NULL, NULL, NULL, NULL, NULL, NULL, 8, NULL, NULL, NULL, '2023-01-05 23:20:35', '2023-01-05 23:20:35'),
(172, 'የድህረ ምረቃ ፕሮግራሞች አስተባባሪ', NULL, 0, NULL, NULL, NULL, NULL, NULL, NULL, NULL, NULL, NULL, NULL, NULL, NULL, NULL, 8, NULL, NULL, NULL, '2023-01-05 23:21:48', '2023-01-05 23:21:48'),
(175, 'የተከታታይና ርቀት ት/ትና ኢ-ለርኒንግ   ማስተባባሪያ', NULL, 0, NULL, NULL, NULL, NULL, NULL, NULL, NULL, NULL, NULL, NULL, NULL, NULL, NULL, 8, NULL, NULL, NULL, '2023-01-05 23:23:18', '2023-01-05 23:23:18'),
(178, 'የዕቅድ መረጃና በጀት ቡድን', NULL, 0, NULL, NULL, NULL, NULL, NULL, NULL, NULL, NULL, NULL, NULL, NULL, NULL, NULL, 11, NULL, NULL, NULL, '2023-01-05 23:31:33', '2023-01-05 23:31:33'),
(179, 'የተቋማዊ ለውጥና መልካም አስተዳደር ስራ አስፈጻሚ', NULL, 0, NULL, NULL, NULL, NULL, NULL, NULL, NULL, NULL, NULL, NULL, NULL, NULL, NULL, 11, NULL, NULL, NULL, '2023-01-05 23:32:15', '2023-01-05 23:32:15'),
(180, 'የሥነምግባርናጸረ-ሙስናመከታተያ ስራ አስፈጻሚ', NULL, 0, NULL, NULL, NULL, NULL, NULL, NULL, NULL, NULL, NULL, NULL, NULL, NULL, NULL, 11, NULL, NULL, NULL, '2023-01-05 23:33:12', '2023-01-05 23:33:12'),
(181, 'የውስጥ ኦዲት አገልግሎት ስራ አስፈፃሚ', NULL, 0, NULL, NULL, NULL, NULL, NULL, NULL, NULL, NULL, NULL, NULL, NULL, NULL, NULL, 11, NULL, NULL, NULL, '2023-01-05 23:34:27', '2023-01-05 23:34:27'),
(182, 'የጤና ኢንስቲትዩት የሕዝብ፣ አለም አቀፍ ግንኙነትና አልሙናይ ዳይሬክተር', NULL, 0, NULL, NULL, NULL, NULL, NULL, NULL, NULL, NULL, NULL, NULL, NULL, NULL, NULL, 11, NULL, NULL, NULL, '2023-01-05 23:35:05', '2023-01-05 23:35:05'),
(183, 'የህግ አገልግሎት ቡድን', NULL, 0, NULL, NULL, NULL, NULL, NULL, NULL, NULL, NULL, NULL, NULL, NULL, NULL, NULL, 10, NULL, NULL, NULL, '2023-01-05 23:35:42', '2023-01-10 02:28:06'),
(184, 'የጤና ትምህርት ጥራት ማጎልበቻና ማሻሻያ ማስተባበሪያ', NULL, 0, NULL, NULL, NULL, NULL, NULL, NULL, NULL, NULL, NULL, NULL, NULL, NULL, NULL, 11, NULL, NULL, NULL, '2023-01-05 23:36:07', '2023-01-05 23:36:07'),
(185, 'የሜዲካል ቱሪዝም ማዕከል', NULL, 0, NULL, NULL, NULL, NULL, NULL, NULL, NULL, NULL, NULL, NULL, NULL, NULL, NULL, 11, NULL, NULL, NULL, '2023-01-05 23:36:31', '2023-01-05 23:36:31'),
(186, 'የመረጃና ግንኙነት ቴክኖሎጂ ሰራ አስፈጻሚ', NULL, 0, NULL, NULL, NULL, NULL, NULL, NULL, NULL, NULL, NULL, NULL, NULL, NULL, NULL, 10, NULL, NULL, NULL, '2023-01-05 23:36:53', '2023-01-10 02:32:10'),
(187, 'የድህረ ምርቃና ምርምር ማስተባበሪያ ጽ/ቤት', NULL, 0, NULL, NULL, NULL, NULL, NULL, NULL, NULL, NULL, NULL, NULL, NULL, NULL, NULL, 8, NULL, NULL, NULL, '2023-01-05 23:37:37', '2023-01-05 23:43:06'),
(191, 'የምርምር  ጉዳዮችና ልዕቀት ማዕከላት ማስተባባሪያ', NULL, 0, NULL, NULL, NULL, NULL, NULL, NULL, NULL, NULL, NULL, NULL, NULL, NULL, NULL, 9, NULL, NULL, NULL, '2023-01-05 23:44:50', '2023-01-05 23:44:50'),
(196, 'የሰው ሀብት መረጃ ስርአት ስራ አመራር ቡድን', NULL, 0, NULL, NULL, NULL, NULL, NULL, NULL, NULL, NULL, NULL, NULL, NULL, NULL, NULL, 601, NULL, NULL, NULL, '2023-01-05 23:47:03', '2023-01-10 02:57:07'),
(197, 'የፋይናንስ አስተዳደር ስራ አስፈፃሚ ጽ/ቤት', NULL, 0, NULL, NULL, NULL, NULL, NULL, NULL, NULL, NULL, NULL, NULL, NULL, NULL, NULL, 601, NULL, NULL, NULL, '2023-01-05 23:47:26', '2023-01-10 02:57:38'),
(209, 'የተማሪዎች አገልግሎት ም/ዲን', NULL, 0, NULL, NULL, NULL, NULL, NULL, NULL, NULL, NULL, NULL, NULL, NULL, NULL, NULL, 601, NULL, NULL, NULL, '2023-01-05 23:52:04', '2023-01-10 02:59:58'),
(219, 'JIT-የግዥ አስተዳደር ስራ አስፈፃሚ ጽ/ቤት', NULL, 0, NULL, NULL, NULL, NULL, NULL, NULL, NULL, NULL, NULL, NULL, NULL, NULL, NULL, 601, NULL, NULL, NULL, '2023-01-05 23:53:55', '2023-01-10 05:23:03'),
(221, 'JIT-የንብረት አስተዳዳር ስራ አስፈፃሚ ጽ/ቤት', NULL, 0, NULL, NULL, NULL, NULL, NULL, NULL, NULL, NULL, NULL, NULL, NULL, NULL, NULL, 601, NULL, NULL, NULL, '2023-01-05 23:54:17', '2023-01-10 05:21:28'),
(223, 'የጠቅላላ አገልግሎት ስራ አስፈፃሚ ጽ/ቤት', NULL, 0, NULL, NULL, NULL, NULL, NULL, NULL, NULL, NULL, NULL, NULL, NULL, NULL, NULL, 601, NULL, NULL, NULL, '2023-01-05 23:54:30', '2023-01-10 05:46:47'),
(233, 'JIT- የትራንስፖርት ስምሪትናጥገና ቡድን', NULL, 0, NULL, NULL, NULL, NULL, NULL, NULL, NULL, NULL, NULL, NULL, NULL, NULL, NULL, 601, NULL, NULL, NULL, '2023-01-05 23:55:58', '2023-01-10 05:54:09'),
(235, 'JIT-ዩኒቨርስቲ እንዱስትሪ ትስስር ትስስር ዳይሬክቶሬት', NULL, 0, NULL, NULL, NULL, NULL, NULL, NULL, NULL, NULL, NULL, NULL, NULL, NULL, NULL, 9, NULL, NULL, NULL, '2023-01-05 23:56:14', '2023-01-10 06:41:55'),
(237, 'JIT-የፀትታና ደህንነት ቡድን', NULL, 0, NULL, NULL, NULL, NULL, NULL, NULL, NULL, NULL, NULL, NULL, NULL, NULL, NULL, 601, NULL, NULL, NULL, '2023-01-05 23:56:37', '2023-01-10 05:50:25'),
(246, 'የምርምር ማዕከል', NULL, 0, NULL, NULL, NULL, NULL, NULL, NULL, NULL, NULL, NULL, NULL, NULL, NULL, NULL, 15, NULL, NULL, NULL, '2023-01-06 00:04:39', '2023-01-10 23:23:30'),
(251, 'የት/ት ኘሮግራሞች ጥራት ምዘናና ፈተና ማስተባበሪያ', NULL, 0, NULL, NULL, NULL, NULL, NULL, NULL, NULL, NULL, NULL, NULL, NULL, NULL, NULL, 15, NULL, NULL, NULL, '2023-01-06 00:09:48', '2023-01-10 23:41:28'),
(252, 'ማህበረሰብ አቀፍ ትምሀርት ማስተባባሪያ', NULL, 0, NULL, NULL, NULL, NULL, NULL, NULL, NULL, NULL, NULL, NULL, NULL, NULL, NULL, 15, NULL, NULL, NULL, '2023-01-06 00:10:16', '2023-01-11 02:29:27'),
(253, 'CAVM-ሬጅስትራር ጽ/ቤት', NULL, 0, NULL, NULL, NULL, NULL, NULL, NULL, NULL, NULL, NULL, NULL, NULL, NULL, NULL, 15, NULL, NULL, NULL, '2023-01-06 00:10:41', '2023-01-10 23:19:44'),
(274, 'CAVM-የግብርና ኢኮኖሚክስ ትምህርት ክፍል', NULL, 0, NULL, NULL, NULL, NULL, NULL, NULL, NULL, NULL, NULL, NULL, NULL, NULL, NULL, 19, NULL, NULL, NULL, '2023-01-06 00:26:23', '2023-01-06 00:26:23'),
(275, 'የሆርቲካልቸርና የእጽዋት ሳይንስ ት/ክፍል', NULL, 0, NULL, NULL, NULL, NULL, NULL, NULL, NULL, NULL, NULL, NULL, NULL, NULL, NULL, 19, NULL, NULL, NULL, '2023-01-06 00:26:58', '2023-01-06 00:26:58'),
(276, 'የእንስሳት ሳይንስ ት/ክፍል', NULL, 0, NULL, NULL, NULL, NULL, NULL, NULL, NULL, NULL, NULL, NULL, NULL, NULL, NULL, 19, NULL, NULL, NULL, '2023-01-06 00:27:15', '2023-01-06 00:27:15'),
(277, 'ፖስት አርቨስት ት/ክፍል', NULL, 0, NULL, NULL, NULL, NULL, NULL, NULL, NULL, NULL, NULL, NULL, NULL, NULL, NULL, 19, NULL, NULL, NULL, '2023-01-06 00:27:38', '2023-01-06 00:27:38'),
(278, 'የእንስሳት ህክምና ት/ክፍል', NULL, 0, NULL, NULL, NULL, NULL, NULL, NULL, NULL, NULL, NULL, NULL, NULL, NULL, NULL, 19, NULL, NULL, NULL, '2023-01-06 00:27:54', '2023-01-06 00:27:54'),
(280, 'የድህረ -ምረቃ ማስተባባሪያ', NULL, 0, NULL, NULL, NULL, NULL, NULL, NULL, NULL, NULL, NULL, NULL, NULL, NULL, NULL, 19, NULL, NULL, NULL, '2023-01-06 00:28:24', '2023-01-11 02:41:52'),
(281, 'CAVM-የተከታታይ ርቀት ት/ት ፕሮግራም ናኢለርኒግ ማስተባበሪያ', NULL, 0, NULL, NULL, NULL, NULL, NULL, NULL, NULL, NULL, NULL, NULL, NULL, NULL, NULL, 19, NULL, NULL, NULL, '2023-01-06 00:28:48', '2023-01-11 02:40:47'),
(282, 'የህግ አገልግሎት', NULL, 0, NULL, NULL, NULL, NULL, NULL, NULL, NULL, NULL, NULL, NULL, NULL, NULL, NULL, 21, NULL, NULL, NULL, '2023-01-06 02:59:15', '2023-01-06 02:59:15'),
(283, 'የዕቅድ በጀት ማስተባበሪያ', NULL, 0, NULL, NULL, NULL, NULL, NULL, NULL, NULL, NULL, NULL, NULL, NULL, NULL, NULL, 21, NULL, NULL, NULL, '2023-01-06 02:59:29', '2023-01-06 02:59:29'),
(284, 'የውጪግንኙነትና ኮሙዩኔኬሽን ጉዳዮች ቡድን', NULL, 0, NULL, NULL, NULL, NULL, NULL, NULL, NULL, NULL, NULL, NULL, NULL, NULL, NULL, 21, NULL, NULL, NULL, '2023-01-06 02:59:45', '2023-01-06 02:59:45'),
(285, 'የኦዲት አገልግሎት', NULL, 0, NULL, NULL, NULL, NULL, NULL, NULL, NULL, NULL, NULL, NULL, NULL, NULL, NULL, 21, NULL, NULL, NULL, '2023-01-06 02:59:58', '2023-01-06 02:59:58'),
(286, 'የስራተ ፆታ ጉዳዮች ቡድን', NULL, 0, NULL, NULL, NULL, NULL, NULL, NULL, NULL, NULL, NULL, NULL, NULL, NULL, NULL, 21, NULL, NULL, NULL, '2023-01-06 03:00:12', '2023-01-06 03:00:12'),
(287, 'የጥራት ማጎልበቻ ማረጋገጫ ማስተባበሪያ', NULL, 0, NULL, NULL, NULL, NULL, NULL, NULL, NULL, NULL, NULL, NULL, NULL, NULL, NULL, 21, NULL, NULL, NULL, '2023-01-06 03:00:26', '2023-01-06 03:00:26'),
(288, 'የስነምግባርና የፀረ ሙስና ማስተባበሪያ', NULL, 0, NULL, NULL, NULL, NULL, NULL, NULL, NULL, NULL, NULL, NULL, NULL, NULL, NULL, 21, NULL, NULL, NULL, '2023-01-06 03:01:02', '2023-01-06 03:01:02'),
(289, 'የለውጥና መልካም አስተዳደር ጉዳዮች ማስተባበሪያ', NULL, 0, NULL, NULL, NULL, NULL, NULL, NULL, NULL, NULL, NULL, NULL, NULL, NULL, NULL, 23, NULL, NULL, NULL, '2023-01-06 03:01:21', '2023-01-06 03:01:21'),
(293, 'Agaro-የት/ት ኘሮግራሞች ጥራት ምዘናና ፈተና ማስተባበሪያ', NULL, 0, NULL, NULL, NULL, NULL, NULL, NULL, NULL, NULL, NULL, NULL, NULL, NULL, NULL, 23, NULL, NULL, NULL, '2023-01-06 03:05:03', '2023-01-10 23:42:40'),
(294, 'Agaro-ት/ቤትና ዲፓርትመንቶች', NULL, 0, NULL, NULL, NULL, NULL, NULL, NULL, NULL, NULL, NULL, NULL, NULL, NULL, NULL, 23, NULL, NULL, NULL, '2023-01-06 03:05:37', '2023-01-06 03:05:37'),
(295, 'የምርምርና የድህረምረቃ ማስተባበሪያ', NULL, 0, NULL, NULL, NULL, NULL, NULL, NULL, NULL, NULL, NULL, NULL, NULL, NULL, NULL, 23, NULL, NULL, NULL, '2023-01-06 03:06:48', '2023-01-06 03:06:48'),
(296, 'የማህበረሰብና አቀፍ ስልጠና ፕሮግራም ማስተባበሪያ', NULL, 0, NULL, NULL, NULL, NULL, NULL, NULL, NULL, NULL, NULL, NULL, NULL, NULL, NULL, 23, NULL, NULL, NULL, '2023-01-06 03:07:08', '2023-01-06 03:07:08'),
(297, 'Agaro-ሬጅስትራር ጽ/ቤት', NULL, 0, NULL, NULL, NULL, NULL, NULL, NULL, NULL, NULL, NULL, NULL, NULL, NULL, NULL, 23, NULL, NULL, NULL, '2023-01-06 03:07:36', '2023-01-06 03:07:36'),
(298, 'የተከታታይ ትምህርትና ኢ-ለርንኒግ ፕሮግራም  ዳይሬክቶሬት', NULL, 0, NULL, NULL, NULL, NULL, NULL, NULL, NULL, NULL, NULL, NULL, NULL, NULL, NULL, 23, NULL, NULL, NULL, '2023-01-06 03:07:55', '2023-01-06 03:07:55'),
(299, 'የአጋሮ ካምፓስ ማኔጂንግ ዳይሬክተር ጽ/ቤት', NULL, 0, NULL, NULL, NULL, NULL, NULL, NULL, NULL, NULL, NULL, NULL, NULL, NULL, NULL, 23, NULL, NULL, NULL, '2023-01-06 03:08:11', '2023-01-06 03:08:11'),
(300, 'Agaro-የሰውሃብት አስተዳደር ቡድን', NULL, 0, NULL, NULL, NULL, NULL, NULL, NULL, NULL, NULL, NULL, NULL, NULL, NULL, NULL, 23, NULL, NULL, NULL, '2023-01-06 03:08:32', '2023-01-06 03:08:32'),
(301, 'Agaro-የፋይናንስ አስተዳደር ቡድን', NULL, 0, NULL, NULL, NULL, NULL, NULL, NULL, NULL, NULL, NULL, NULL, NULL, NULL, NULL, 23, NULL, NULL, NULL, '2023-01-06 03:08:50', '2023-01-06 03:08:50'),
(302, 'የተማሪዎች አገልግሎት ዲን ጽ/ቤት', NULL, 0, NULL, NULL, NULL, NULL, NULL, NULL, NULL, NULL, NULL, NULL, NULL, NULL, NULL, 23, NULL, NULL, NULL, '2023-01-06 03:09:09', '2023-01-06 03:09:09'),
(303, 'የተማሪዎች አገልግሎት ቡድን', NULL, 0, NULL, NULL, NULL, NULL, NULL, NULL, NULL, NULL, NULL, NULL, NULL, NULL, NULL, 23, NULL, NULL, NULL, '2023-01-06 03:09:43', '2023-01-06 03:09:43'),
(307, 'የምግብ ዝግጅትና መስተንግዶ አገልግሎት ቡድን', NULL, 0, NULL, NULL, NULL, NULL, NULL, NULL, NULL, NULL, NULL, NULL, NULL, NULL, NULL, 23, NULL, NULL, NULL, '2023-01-06 03:13:47', '2023-01-06 03:13:47'),
(309, 'Agaro-የተማሪዎች መኝታ አገልግሎት ቡድን', NULL, 0, NULL, NULL, NULL, NULL, NULL, NULL, NULL, NULL, NULL, NULL, NULL, NULL, NULL, 23, NULL, NULL, NULL, '2023-01-06 03:14:12', '2023-01-06 03:14:12'),
(310, 'የተማሪዎች ጤና አገልግሎት ቡድን', NULL, 0, NULL, NULL, NULL, NULL, NULL, NULL, NULL, NULL, NULL, NULL, NULL, NULL, NULL, 23, NULL, NULL, NULL, '2023-01-06 03:14:30', '2023-01-06 03:14:30'),
(311, 'የምክር አገልግሎት ቡድን', NULL, 0, NULL, NULL, NULL, NULL, NULL, NULL, NULL, NULL, NULL, NULL, NULL, NULL, NULL, 23, NULL, NULL, NULL, '2023-01-06 03:14:47', '2023-01-06 03:14:47'),
(312, 'የተማሪዎች መዝናኛ አገልግሎት ቡድን', NULL, 0, NULL, NULL, NULL, NULL, NULL, NULL, NULL, NULL, NULL, NULL, NULL, NULL, NULL, 23, NULL, NULL, NULL, '2023-01-06 03:15:19', '2023-01-06 03:15:19'),
(313, 'Agaro-የግዥ ቡድን', NULL, 0, NULL, NULL, NULL, NULL, NULL, NULL, NULL, NULL, NULL, NULL, NULL, NULL, NULL, 23, NULL, NULL, NULL, '2023-01-06 03:15:38', '2023-01-06 03:15:38'),
(314, 'የንብረት አስተዳደር ቡድን', NULL, 0, NULL, NULL, NULL, NULL, NULL, NULL, NULL, NULL, NULL, NULL, NULL, NULL, NULL, 23, NULL, NULL, NULL, '2023-01-06 03:16:00', '2023-01-06 03:16:00'),
(316, 'Agaro-የጠቅላላ አገልግሎት ቡድን', NULL, 0, NULL, NULL, NULL, NULL, NULL, NULL, NULL, NULL, NULL, NULL, NULL, NULL, NULL, 23, NULL, NULL, NULL, '2023-01-06 03:16:35', '2023-01-06 03:16:35'),
(317, 'የጽጥታና ደህንነት ቡድን', NULL, 0, NULL, NULL, NULL, NULL, NULL, NULL, NULL, NULL, NULL, NULL, NULL, NULL, NULL, 23, NULL, NULL, NULL, '2023-01-06 03:16:54', '2023-01-06 03:16:54'),
(319, 'Agaro-የተሽከርካሪ ስምሪትና ጥገና ቡድን', NULL, 0, NULL, NULL, NULL, NULL, NULL, NULL, NULL, NULL, NULL, NULL, NULL, NULL, NULL, 23, NULL, NULL, NULL, '2023-01-06 03:17:50', '2023-01-06 03:17:50'),
(320, 'የቤተመፅሀፍትና ዶክመንቴሽን ቡድን', NULL, 0, NULL, NULL, NULL, NULL, NULL, NULL, NULL, NULL, NULL, NULL, NULL, NULL, NULL, 23, NULL, NULL, NULL, '2023-01-06 03:18:08', '2023-01-06 03:18:08'),
(321, 'የሶፍትዌር ልማት ቡድን ', NULL, 0, NULL, NULL, NULL, NULL, NULL, NULL, NULL, NULL, NULL, NULL, NULL, NULL, NULL, 72, NULL, NULL, NULL, '2023-01-06 03:22:42', '2023-01-06 03:22:42'),
(323, 'የቴክኒክ ድጋፍና የቢሮ መሳሪዎች ጥገና ቡድን', NULL, 0, NULL, NULL, NULL, NULL, NULL, NULL, NULL, NULL, NULL, NULL, NULL, NULL, NULL, 72, NULL, NULL, NULL, '2023-01-06 03:27:04', '2023-01-12 03:52:29'),
(370, 'CBE-የት/ት ኘሮግራሞች ጥራት ምዘናና ፈተና ማስተባበሪያ', NULL, 0, NULL, NULL, NULL, NULL, NULL, NULL, NULL, NULL, NULL, NULL, NULL, NULL, NULL, 34, NULL, NULL, NULL, '2023-01-06 04:55:51', '2023-01-10 23:42:17'),
(371, 'CBE-የማህበረሰብ አቀፍ ትምህርት ፕሮግራም ማስተባበሪያ', NULL, 0, NULL, NULL, NULL, NULL, NULL, NULL, NULL, NULL, NULL, NULL, NULL, NULL, NULL, 34, NULL, NULL, NULL, '2023-01-06 04:56:10', '2023-01-06 04:56:10'),
(372, 'የማኔጅመንት ትምህርት ከፍል', NULL, 0, NULL, NULL, NULL, NULL, NULL, NULL, NULL, NULL, NULL, NULL, NULL, NULL, NULL, 34, NULL, NULL, NULL, '2023-01-06 04:56:31', '2023-01-06 04:56:31'),
(373, 'የአካዉንቲንግና ፋይናንስ የትምህርት ከፍል', NULL, 0, NULL, NULL, NULL, NULL, NULL, NULL, NULL, NULL, NULL, NULL, NULL, NULL, NULL, 34, NULL, NULL, NULL, '2023-01-06 04:57:40', '2023-01-06 04:57:40'),
(374, 'የኢኮኖሚክስ ትምህርት ክፍል', NULL, 0, NULL, NULL, NULL, NULL, NULL, NULL, NULL, NULL, NULL, NULL, NULL, NULL, NULL, 34, NULL, NULL, NULL, '2023-01-06 04:57:59', '2023-01-06 04:57:59'),
(375, 'የሆቴልና ቱሪዝም ትምህርት ክፍል', NULL, 0, NULL, NULL, NULL, NULL, NULL, NULL, NULL, NULL, NULL, NULL, NULL, NULL, NULL, 34, NULL, NULL, NULL, '2023-01-06 04:58:13', '2023-01-06 04:58:13'),
(376, 'የባንኪንግና ፋይናንስ የት/ክፍል', NULL, 0, NULL, NULL, NULL, NULL, NULL, NULL, NULL, NULL, NULL, NULL, NULL, NULL, NULL, 34, NULL, NULL, NULL, '2023-01-06 04:58:29', '2023-01-06 04:58:29'),
(377, 'አግሪ ቢዝነስ ሊደርሽኘ ኢንስቲትዩት', NULL, 0, NULL, NULL, NULL, NULL, NULL, NULL, NULL, NULL, NULL, NULL, NULL, NULL, NULL, 34, NULL, NULL, NULL, '2023-01-06 04:58:45', '2023-01-06 04:58:45'),
(378, 'CBE-የምርምርና የድህረምረቃ ፕሮግራም ማስተባበሪያ', NULL, 0, NULL, NULL, NULL, NULL, NULL, NULL, NULL, NULL, NULL, NULL, NULL, NULL, NULL, 34, NULL, NULL, NULL, '2023-01-06 04:59:03', '2023-01-06 04:59:03'),
(379, 'CBE-የተከታታይና ርቀት ትምህርት ፕሮግራም ማስተባበሪያ', NULL, 0, NULL, NULL, NULL, NULL, NULL, NULL, NULL, NULL, NULL, NULL, NULL, NULL, NULL, 34, NULL, NULL, NULL, '2023-01-06 04:59:19', '2023-01-06 05:03:19'),
(380, 'CBE-ሬጅስትራር ጽ/ቤት', NULL, 0, NULL, NULL, NULL, NULL, NULL, NULL, NULL, NULL, NULL, NULL, NULL, NULL, NULL, 34, NULL, NULL, NULL, '2023-01-06 04:59:36', '2023-01-06 04:59:36'),
(381, 'CBE-የኮሌጅ አስተዳደር', NULL, 0, NULL, NULL, NULL, NULL, NULL, NULL, NULL, NULL, NULL, NULL, NULL, NULL, NULL, 34, NULL, NULL, NULL, '2023-01-06 04:59:55', '2023-01-06 04:59:55'),
(382, 'CBE-የሰው ሀብት አስተዳደር ቡድን', NULL, 0, NULL, NULL, NULL, NULL, NULL, NULL, NULL, NULL, NULL, NULL, NULL, NULL, NULL, 34, NULL, NULL, NULL, '2023-01-06 05:00:18', '2023-01-06 05:00:18'),
(383, 'CBE-የትምህርት ክፋል ፀሐፊዎች', NULL, 0, NULL, NULL, NULL, NULL, NULL, NULL, NULL, NULL, NULL, NULL, NULL, NULL, NULL, 34, NULL, NULL, NULL, '2023-01-06 05:00:46', '2023-01-06 05:00:46'),
(384, 'CBE-የፋይናንስ አስተዳደር ቡድን', NULL, 0, NULL, NULL, NULL, NULL, NULL, NULL, NULL, NULL, NULL, NULL, NULL, NULL, NULL, 34, NULL, NULL, NULL, '2023-01-06 05:01:15', '2023-01-06 05:01:15'),
(385, 'CBE-የግዥ ቡድን', NULL, 0, NULL, NULL, NULL, NULL, NULL, NULL, NULL, NULL, NULL, NULL, NULL, NULL, NULL, 34, NULL, NULL, NULL, '2023-01-06 05:01:34', '2023-01-06 05:01:34'),
(386, 'CBE-የንብረት ሥራአመራር አገልግሎት', NULL, 0, NULL, NULL, NULL, NULL, NULL, NULL, NULL, NULL, NULL, NULL, NULL, NULL, NULL, 34, NULL, NULL, NULL, '2023-01-06 05:01:54', '2023-01-06 05:01:54'),
(387, 'CBE-የጠቅላላ አገልግሎት', NULL, 0, NULL, NULL, NULL, NULL, NULL, NULL, NULL, NULL, NULL, NULL, NULL, NULL, NULL, 34, NULL, NULL, NULL, '2023-01-06 05:02:13', '2023-01-06 05:02:13'),
(424, 'ጠቅላላ ሀኪም', NULL, 0, NULL, NULL, NULL, NULL, NULL, NULL, NULL, NULL, NULL, NULL, NULL, NULL, NULL, 17, NULL, NULL, NULL, '2023-01-06 05:51:15', '2023-01-06 05:51:15'),
(425, 'ህብረተሰብ ጤና አጠባበቅ (HO)', NULL, 0, NULL, NULL, NULL, NULL, NULL, NULL, NULL, NULL, NULL, NULL, NULL, NULL, NULL, 17, NULL, NULL, NULL, '2023-01-06 05:52:52', '2023-01-06 05:52:52'),
(456, 'አንስቴዥዮሎጂ ፕሮፌሽናል', NULL, 0, NULL, NULL, NULL, NULL, NULL, NULL, NULL, NULL, NULL, NULL, NULL, NULL, NULL, 17, NULL, NULL, NULL, '2023-01-08 22:36:18', '2023-01-08 22:36:18'),
(457, 'ደረጃ 5 ነርስ አንስቴትስት', NULL, 0, NULL, NULL, NULL, NULL, NULL, NULL, NULL, NULL, NULL, NULL, NULL, NULL, NULL, 17, NULL, NULL, NULL, '2023-01-08 22:37:44', '2023-01-08 22:37:44'),
(458, 'አንስቴዥዮሎጂ ፕሮፌሽናል ስፔሻሊስት', NULL, 0, NULL, NULL, NULL, NULL, NULL, NULL, NULL, NULL, NULL, NULL, NULL, NULL, NULL, 17, NULL, NULL, NULL, '2023-01-08 22:38:03', '2023-01-08 22:38:03'),
(459, 'ፊዚዮቴራፒ ፕሮፌሽናል', NULL, 0, NULL, NULL, NULL, NULL, NULL, NULL, NULL, NULL, NULL, NULL, NULL, NULL, NULL, 17, NULL, NULL, NULL, '2023-01-08 22:38:16', '2023-01-08 22:38:16'),
(460, 'ፊዚዮቴራፒ ፕሮፌሽናል ስፔሻሊስት', NULL, 0, NULL, NULL, NULL, NULL, NULL, NULL, NULL, NULL, NULL, NULL, NULL, NULL, NULL, 17, NULL, NULL, NULL, '2023-01-08 22:38:32', '2023-01-08 22:38:32'),
(461, 'የፊዚዮቴራፒ ሀኪም', NULL, 0, NULL, NULL, NULL, NULL, NULL, NULL, NULL, NULL, NULL, NULL, NULL, NULL, NULL, 17, NULL, NULL, NULL, '2023-01-08 22:38:46', '2023-01-08 22:38:46'),
(462, 'ኦርቶፔዲክ ቴክንሽያን', NULL, 0, NULL, NULL, NULL, NULL, NULL, NULL, NULL, NULL, NULL, NULL, NULL, NULL, NULL, 17, NULL, NULL, NULL, '2023-01-08 22:38:57', '2023-01-08 22:38:57'),
(463, 'ነርስ ዳይሬክተር', NULL, 0, NULL, NULL, NULL, NULL, NULL, NULL, NULL, NULL, NULL, NULL, NULL, NULL, NULL, 17, NULL, NULL, NULL, '2023-01-08 22:39:16', '2023-01-08 22:39:16'),
(464, 'ሳይካትሪ ፕሮፌሽናል', NULL, 0, NULL, NULL, NULL, NULL, NULL, NULL, NULL, NULL, NULL, NULL, NULL, NULL, NULL, 17, NULL, NULL, NULL, '2023-01-08 22:39:40', '2023-01-08 22:39:40'),
(465, 'የስነ-ምግብ ፕሮፌሽናል', NULL, 0, NULL, NULL, NULL, NULL, NULL, NULL, NULL, NULL, NULL, NULL, NULL, NULL, NULL, 17, NULL, NULL, NULL, '2023-01-08 22:39:54', '2023-01-08 22:39:54'),
(466, 'ፋርማሲ ፕሮፌሽናል', NULL, 0, NULL, NULL, NULL, NULL, NULL, NULL, NULL, NULL, NULL, NULL, NULL, NULL, NULL, 17, NULL, NULL, NULL, '2023-01-08 22:40:08', '2023-01-08 22:40:08'),
(467, 'ኦፕታልሚክ ነርስ', NULL, 0, NULL, NULL, NULL, NULL, NULL, NULL, NULL, NULL, NULL, NULL, NULL, NULL, NULL, 17, NULL, NULL, NULL, '2023-01-08 22:40:20', '2023-01-08 22:40:20'),
(468, 'ኦፕቶሜትሪ ፕሮፌሽናል', NULL, 0, NULL, NULL, NULL, NULL, NULL, NULL, NULL, NULL, NULL, NULL, NULL, NULL, NULL, 17, NULL, NULL, NULL, '2023-01-08 22:40:35', '2023-01-08 22:40:35'),
(469, 'ደንታል ሰርጅን', NULL, 0, NULL, NULL, NULL, NULL, NULL, NULL, NULL, NULL, NULL, NULL, NULL, NULL, NULL, 17, NULL, NULL, NULL, '2023-01-08 22:40:50', '2023-01-08 22:40:50'),
(470, 'ደረጃ 4 ፋርማሲ ቴክኒሻን', NULL, 0, NULL, NULL, NULL, NULL, NULL, NULL, NULL, NULL, NULL, NULL, NULL, NULL, NULL, 17, NULL, NULL, NULL, '2023-01-08 22:41:01', '2023-01-08 22:41:01'),
(471, 'ሜዲካል ላቦራቶሪ ቴክኖሎጂ  ፕሮፌሽናል', NULL, 0, NULL, NULL, NULL, NULL, NULL, NULL, NULL, NULL, NULL, NULL, NULL, NULL, NULL, 17, NULL, NULL, NULL, '2023-01-08 22:41:19', '2023-01-08 22:41:19'),
(472, 'ደረጃ 4 ሜዲካል ራዲዮግራፊ ቴክኒሻን', NULL, 0, NULL, NULL, NULL, NULL, NULL, NULL, NULL, NULL, NULL, NULL, NULL, NULL, NULL, 17, NULL, NULL, NULL, '2023-01-08 22:43:35', '2023-01-08 22:43:35'),
(473, 'ሜዲካል ራዲዮሎጂክ ቴክኖሎጂ', NULL, 0, NULL, NULL, NULL, NULL, NULL, NULL, NULL, NULL, NULL, NULL, NULL, NULL, NULL, 17, NULL, NULL, NULL, '2023-01-08 22:43:56', '2023-01-08 22:43:56'),
(474, 'ባዮሜዲካል ቴክኒሽያን', NULL, 0, NULL, NULL, NULL, NULL, NULL, NULL, NULL, NULL, NULL, NULL, NULL, NULL, NULL, 17, NULL, NULL, NULL, '2023-01-08 22:44:09', '2023-01-08 22:44:09'),
(475, 'ባዮሜዲካል ኢንጂነር', NULL, 0, NULL, NULL, NULL, NULL, NULL, NULL, NULL, NULL, NULL, NULL, NULL, NULL, NULL, 17, NULL, NULL, NULL, '2023-01-08 22:44:22', '2023-01-08 22:44:22'),
(476, 'ሄልዝ እንፎርማትክስ', NULL, 0, NULL, NULL, NULL, NULL, NULL, NULL, NULL, NULL, NULL, NULL, NULL, NULL, NULL, 17, NULL, NULL, NULL, '2023-01-08 22:44:35', '2023-01-08 22:44:35'),
(477, 'ሀይጅንና አካባቢ ጤና አጠባባቅ /የሥራ ጤንነትና ደሕንነት ፕሮፌሽናል', NULL, 0, NULL, NULL, NULL, NULL, NULL, NULL, NULL, NULL, NULL, NULL, NULL, NULL, NULL, 17, NULL, NULL, NULL, '2023-01-08 22:44:51', '2023-01-08 22:44:51'),
(478, 'ደረጃ 4 ሜዲካል ላቦራቶሪ ቴክኒሺያን', NULL, 0, NULL, NULL, NULL, NULL, NULL, NULL, NULL, NULL, NULL, NULL, NULL, NULL, NULL, 17, NULL, NULL, NULL, '2023-01-08 22:45:04', '2023-01-08 22:45:04'),
(479, 'ሜዲካል ማይክሮባዮሎጂ ፕሮፌሽናል ስፔሻሊስት', NULL, 0, NULL, NULL, NULL, NULL, NULL, NULL, NULL, NULL, NULL, NULL, NULL, NULL, NULL, 17, NULL, NULL, NULL, '2023-01-08 22:45:26', '2023-01-08 22:45:26'),
(480, 'ሜዲካል ሄማቶሎጂ እና ኢሚኖሄማቶሎጂ ፐሮፌሽናል ስፔሻሊስት', NULL, 0, NULL, NULL, NULL, NULL, NULL, NULL, NULL, NULL, NULL, NULL, NULL, NULL, NULL, 17, NULL, NULL, NULL, '2023-01-08 22:45:39', '2023-01-08 22:45:39'),
(481, 'ሜዲካል ፓራሳይቶሎጂ ፐሮፌሽናል ስፔሻሊስት', NULL, 0, NULL, NULL, NULL, NULL, NULL, NULL, NULL, NULL, NULL, NULL, NULL, NULL, NULL, 17, NULL, NULL, NULL, '2023-01-08 22:46:10', '2023-01-08 22:46:10'),
(482, 'ኢመርጀንሲ ሜዲካል እና ክሪቲካል ኬር ነርስ ፕሮፌሽናል ስፔሻሊስት', NULL, 0, NULL, NULL, NULL, NULL, NULL, NULL, NULL, NULL, NULL, NULL, NULL, NULL, NULL, 17, NULL, NULL, NULL, '2023-01-08 22:46:23', '2023-01-08 22:46:23'),
(483, 'ጨቅላ ህፃናት ነርስ ፕሮፌሽናል', NULL, 0, NULL, NULL, NULL, NULL, NULL, NULL, NULL, NULL, NULL, NULL, NULL, NULL, NULL, 17, NULL, NULL, NULL, '2023-01-08 22:46:36', '2023-01-08 22:46:36'),
(484, 'ቀዶ ህክምና ነርስ ፕሮፌሽናል', NULL, 0, NULL, NULL, NULL, NULL, NULL, NULL, NULL, NULL, NULL, NULL, NULL, NULL, NULL, 17, NULL, NULL, NULL, '2023-01-08 22:46:48', '2023-01-08 22:46:48'),
(485, 'ፔዲያትሪክስና ቻይልድ ሄልዝ ነርሲንግ ፕሮፌሽናል ስፔሻሊስት', NULL, 0, NULL, NULL, NULL, NULL, NULL, NULL, NULL, NULL, NULL, NULL, NULL, NULL, NULL, 17, NULL, NULL, NULL, '2023-01-08 22:47:01', '2023-01-08 22:47:01'),
(486, 'ኦንኮሎጅ ነርስ ፕሮፌሽናል ስፔሻሊስት', NULL, 0, NULL, NULL, NULL, NULL, NULL, NULL, NULL, NULL, NULL, NULL, NULL, NULL, NULL, 17, NULL, NULL, NULL, '2023-01-08 22:47:16', '2023-01-08 22:47:16'),
(487, 'ሜዲካል ነርሲንግ ፕሮፌሽናል ስፔሻሊስት', NULL, 0, NULL, NULL, NULL, NULL, NULL, NULL, NULL, NULL, NULL, NULL, NULL, NULL, NULL, 17, NULL, NULL, NULL, '2023-01-08 22:48:07', '2023-01-08 22:48:07'),
(488, 'ማተርኒቲ ነርሲን ግፕሮፌሽናል ስፔሻሊስት', NULL, 0, NULL, NULL, NULL, NULL, NULL, NULL, NULL, NULL, NULL, NULL, NULL, NULL, NULL, 17, NULL, NULL, NULL, '2023-01-08 22:48:24', '2023-01-08 22:48:24'),
(489, 'ፐብሊክ ሄልዝ ፕሮፌሽናል ስፔሻሊሰት', NULL, 0, NULL, NULL, NULL, NULL, NULL, NULL, NULL, NULL, NULL, NULL, NULL, NULL, NULL, 17, NULL, NULL, NULL, '2023-01-08 22:48:42', '2023-01-08 22:48:42'),
(490, 'ደረጃ 4 ሚድዋይፈሪ', NULL, 0, NULL, NULL, NULL, NULL, NULL, NULL, NULL, NULL, NULL, NULL, NULL, NULL, NULL, 17, NULL, NULL, NULL, '2023-01-08 22:48:58', '2023-01-08 22:48:58'),
(491, 'ሚድዋይፈሪ ፕሮፌሽናል ስፔሻሊስት', NULL, 0, NULL, NULL, NULL, NULL, NULL, NULL, NULL, NULL, NULL, NULL, NULL, NULL, NULL, 17, NULL, NULL, NULL, '2023-01-08 22:49:18', '2023-01-08 22:49:18'),
(492, 'ፕሮስተቴቲክ ኦርቶቲክ ፕሮፌሽናል', NULL, 0, NULL, NULL, NULL, NULL, NULL, NULL, NULL, NULL, NULL, NULL, NULL, NULL, NULL, 17, NULL, NULL, NULL, '2023-01-08 22:49:30', '2023-01-08 22:49:30'),
(493, 'ደረጃ 3 ፊዚዮቴራፒ ቴክኒሽያን', NULL, 0, NULL, NULL, NULL, NULL, NULL, NULL, NULL, NULL, NULL, NULL, NULL, NULL, NULL, 17, NULL, NULL, NULL, '2023-01-08 22:49:40', '2023-01-08 22:49:40'),
(494, 'ደረጃ 4 ፕሮስቴቲክ ኦርቶቲክ ቴክኒሻን', NULL, 0, NULL, NULL, NULL, NULL, NULL, NULL, NULL, NULL, NULL, NULL, NULL, NULL, NULL, 17, NULL, NULL, NULL, '2023-01-08 22:49:51', '2023-01-08 22:49:51'),
(495, 'ኦኩፔሽናልቴራፒ ፕሮፌሽናል', NULL, 0, NULL, NULL, NULL, NULL, NULL, NULL, NULL, NULL, NULL, NULL, NULL, NULL, NULL, 17, NULL, NULL, NULL, '2023-01-08 22:50:07', '2023-01-08 22:50:07'),
(496, 'ደረጃ 3 አውቶክሌቭና ስትራላይዜሽን ቴክኒሻን', NULL, 0, NULL, NULL, NULL, NULL, NULL, NULL, NULL, NULL, NULL, NULL, NULL, NULL, NULL, 17, NULL, NULL, NULL, '2023-01-08 22:50:19', '2023-01-08 22:50:19'),
(497, 'ዴንታል ሳይንስ ፕሮፌሽናል', NULL, 0, NULL, NULL, NULL, NULL, NULL, NULL, NULL, NULL, NULL, NULL, NULL, NULL, NULL, 17, NULL, NULL, NULL, '2023-01-08 22:50:32', '2023-01-08 22:50:32'),
(498, 'ኢመርጀንሲ እና ክርቲካል ኬር ስፔሻሊስት', NULL, 0, NULL, NULL, NULL, NULL, NULL, NULL, NULL, NULL, NULL, NULL, NULL, NULL, NULL, 17, NULL, NULL, NULL, '2023-01-08 22:50:44', '2023-01-08 22:50:44'),
(499, 'ውስጥ ደዌ  ሰፔሻሊስት', NULL, 0, NULL, NULL, NULL, NULL, NULL, NULL, NULL, NULL, NULL, NULL, NULL, NULL, NULL, 17, NULL, NULL, NULL, '2023-01-08 22:51:02', '2023-01-08 22:51:02'),
(500, 'ህጻናት ህክምና ሰፔሻሊስት', NULL, 0, NULL, NULL, NULL, NULL, NULL, NULL, NULL, NULL, NULL, NULL, NULL, NULL, NULL, 17, NULL, NULL, NULL, '2023-01-08 22:51:20', '2023-01-08 22:51:20'),
(501, 'ህጻናት ድንገተኛ እና ጽኑ  ህክምና  ሰብ-ስፔሻሊስት', NULL, 0, NULL, NULL, NULL, NULL, NULL, NULL, NULL, NULL, NULL, NULL, NULL, NULL, NULL, 17, NULL, NULL, NULL, '2023-01-08 22:51:32', '2023-01-08 22:51:32'),
(502, 'የአዋቂ ኩላሊት ስፔሻሊስት', NULL, 0, NULL, NULL, NULL, NULL, NULL, NULL, NULL, NULL, NULL, NULL, NULL, NULL, NULL, 17, NULL, NULL, NULL, '2023-01-08 22:51:45', '2023-01-08 22:51:45'),
(503, 'አዋቂ ኩላሊት ህክምና ሰብ-ስፔሻሊስት', NULL, 0, NULL, NULL, NULL, NULL, NULL, NULL, NULL, NULL, NULL, NULL, NULL, NULL, NULL, 17, NULL, NULL, NULL, '2023-01-08 22:51:56', '2023-01-08 22:51:56'),
(504, 'ህጸናት ኩላሊት ህክምና ሰብ-ስፔሻሊስት', NULL, 0, NULL, NULL, NULL, NULL, NULL, NULL, NULL, NULL, NULL, NULL, NULL, NULL, NULL, 17, NULL, NULL, NULL, '2023-01-08 22:52:07', '2023-01-08 22:52:07'),
(505, 'ኢንዶክሪኖሎጂና ስኳር ህክምና ሰብ-ሰፔሻሊስት', NULL, 0, NULL, NULL, NULL, NULL, NULL, NULL, NULL, NULL, NULL, NULL, NULL, NULL, NULL, 17, NULL, NULL, NULL, '2023-01-08 22:52:19', '2023-01-08 22:52:19'),
(506, 'የጨረር ህክምና ክፍል ሃላፊ', NULL, 0, NULL, NULL, NULL, NULL, NULL, NULL, NULL, NULL, NULL, NULL, NULL, NULL, NULL, 17, NULL, NULL, NULL, '2023-01-08 22:52:30', '2023-01-08 22:52:30'),
(507, 'ካንሰር ህክምና  ስፔሻሊስት', NULL, 0, NULL, NULL, NULL, NULL, NULL, NULL, NULL, NULL, NULL, NULL, NULL, NULL, NULL, 17, NULL, NULL, NULL, '2023-01-08 22:52:42', '2023-01-08 22:52:42'),
(508, 'ካንሰር ህክምና ሰብ ስፔሻሊስት', NULL, 0, NULL, NULL, NULL, NULL, NULL, NULL, NULL, NULL, NULL, NULL, NULL, NULL, NULL, 17, NULL, NULL, NULL, '2023-01-08 22:52:55', '2023-01-08 22:52:55'),
(509, 'ቆዳና አባላዘር ህክምና ስፔሻሊስት', NULL, 0, NULL, NULL, NULL, NULL, NULL, NULL, NULL, NULL, NULL, NULL, NULL, NULL, NULL, 17, NULL, NULL, NULL, '2023-01-08 22:53:09', '2023-01-08 22:53:09'),
(510, 'ቆዳና አባላዘር ህክምና ሰብ-ስፔሻሊስት', NULL, 0, NULL, NULL, NULL, NULL, NULL, NULL, NULL, NULL, NULL, NULL, NULL, NULL, NULL, 17, NULL, NULL, NULL, '2023-01-08 22:53:21', '2023-01-08 22:53:21'),
(511, 'ፓቶሎጂ  ስፔሻሊስት', NULL, 0, NULL, NULL, NULL, NULL, NULL, NULL, NULL, NULL, NULL, NULL, NULL, NULL, NULL, 17, NULL, NULL, NULL, '2023-01-08 22:53:32', '2023-01-08 22:53:32'),
(512, 'ማህጸንና ጽንስ ስፔሻሊስት', NULL, 0, NULL, NULL, NULL, NULL, NULL, NULL, NULL, NULL, NULL, NULL, NULL, NULL, NULL, 17, NULL, NULL, NULL, '2023-01-08 22:53:47', '2023-01-08 22:53:47'),
(513, 'ማህጸን ካንሰር  ሰብ-ስፔሻሊስት', NULL, 0, NULL, NULL, NULL, NULL, NULL, NULL, NULL, NULL, NULL, NULL, NULL, NULL, NULL, 17, NULL, NULL, NULL, '2023-01-08 22:54:05', '2023-01-08 22:54:05'),
(514, 'መካንነት ሰብ ስፔሻሊስት', NULL, 0, NULL, NULL, NULL, NULL, NULL, NULL, NULL, NULL, NULL, NULL, NULL, NULL, NULL, 17, NULL, NULL, NULL, '2023-01-08 22:54:19', '2023-01-08 22:54:19'),
(515, 'ነፍሰ ጡር እና የጽንስ ህክምና ሰብ-ስፔሻሊስት', NULL, 0, NULL, NULL, NULL, NULL, NULL, NULL, NULL, NULL, NULL, NULL, NULL, NULL, NULL, 17, NULL, NULL, NULL, '2023-01-08 22:54:38', '2023-01-08 22:54:38'),
(517, 'ጆሮ፣ የአፍንጫ፣ የጉሮሮ፣ የአንገትና የራስ ቀዶ ህክምና ስፔሻሊስ', NULL, 0, NULL, NULL, NULL, NULL, NULL, NULL, NULL, NULL, NULL, NULL, NULL, NULL, NULL, 17, NULL, NULL, NULL, '2023-01-08 22:57:45', '2023-01-08 22:57:45'),
(518, 'ፕላስቲክ እና ሪኮንስትራክቲቭ ቀዶ ህክምና  ስፔሻሊስት', NULL, 0, NULL, NULL, NULL, NULL, NULL, NULL, NULL, NULL, NULL, NULL, NULL, NULL, NULL, 17, NULL, NULL, NULL, '2023-01-08 22:58:19', '2023-01-08 22:58:19'),
(519, 'ቀዶ ህክምና ስፔሻሊስት', NULL, 0, NULL, NULL, NULL, NULL, NULL, NULL, NULL, NULL, NULL, NULL, NULL, NULL, NULL, 17, NULL, NULL, NULL, '2023-01-08 22:58:33', '2023-01-08 22:58:33'),
(520, 'አጥንት ቀዶ ህክምና  ስፔሻሊስት', NULL, 0, NULL, NULL, NULL, NULL, NULL, NULL, NULL, NULL, NULL, NULL, NULL, NULL, NULL, 17, NULL, NULL, NULL, '2023-01-08 22:58:49', '2023-01-08 22:58:49'),
(521, 'ሕጻናት ቀዶ-ሕክምና ስፔሻሊስት', NULL, 0, NULL, NULL, NULL, NULL, NULL, NULL, NULL, NULL, NULL, NULL, NULL, NULL, NULL, 17, NULL, NULL, NULL, '2023-01-08 22:59:08', '2023-01-08 22:59:08'),
(522, 'ጨቅላ ህጸናት ህክምና  ሰብ-ሰፔሻሊስት', NULL, 0, NULL, NULL, NULL, NULL, NULL, NULL, NULL, NULL, NULL, NULL, NULL, NULL, NULL, 17, NULL, NULL, NULL, '2023-01-08 22:59:25', '2023-01-08 22:59:25'),
(523, 'ዩሮሎጂ ቀዶ ህክምና ስፔሻሊስት', NULL, 0, NULL, NULL, NULL, NULL, NULL, NULL, NULL, NULL, NULL, NULL, NULL, NULL, NULL, 17, NULL, NULL, NULL, '2023-01-08 22:59:37', '2023-01-08 22:59:37'),
(524, 'አፍ ውስጥ መንጋጋ እና ፊት ቀዶ ህክምና ስፔሻሊስት', NULL, 0, NULL, NULL, NULL, NULL, NULL, NULL, NULL, NULL, NULL, NULL, NULL, NULL, NULL, 17, NULL, NULL, NULL, '2023-01-08 22:59:56', '2023-01-08 22:59:56'),
(525, 'ኒውሮሎጂ ስፔሻሊስት', NULL, 0, NULL, NULL, NULL, NULL, NULL, NULL, NULL, NULL, NULL, NULL, NULL, NULL, NULL, 17, NULL, NULL, NULL, '2023-01-08 23:00:10', '2023-01-08 23:00:10'),
(526, 'ራዲዮሎጂ ስፔሻሊስት', NULL, 0, NULL, NULL, NULL, NULL, NULL, NULL, NULL, NULL, NULL, NULL, NULL, NULL, NULL, 17, NULL, NULL, NULL, '2023-01-08 23:00:26', '2023-01-08 23:00:26'),
(527, 'ራዲዮሎጂ ሰብ-ስፔሻሊስት', NULL, 0, NULL, NULL, NULL, NULL, NULL, NULL, NULL, NULL, NULL, NULL, NULL, NULL, NULL, 17, NULL, NULL, NULL, '2023-01-08 23:00:37', '2023-01-08 23:00:37'),
(528, 'የልብ ህክምና ክፍል ሃላፊ', NULL, 0, NULL, NULL, NULL, NULL, NULL, NULL, NULL, NULL, NULL, NULL, NULL, NULL, NULL, 17, NULL, NULL, NULL, '2023-01-08 23:00:49', '2023-01-08 23:00:49'),
(529, 'ልብ ህክምና ሰብ-ስፔሻሊስት', NULL, 0, NULL, NULL, NULL, NULL, NULL, NULL, NULL, NULL, NULL, NULL, NULL, NULL, NULL, 17, NULL, NULL, NULL, '2023-01-08 23:01:02', '2023-01-08 23:01:02'),
(530, 'ኢንተርቨንሽናል  ካርድዮሎጂ ሱፐር-ስፔሻሊስት', NULL, 0, NULL, NULL, NULL, NULL, NULL, NULL, NULL, NULL, NULL, NULL, NULL, NULL, NULL, 17, NULL, NULL, NULL, '2023-01-08 23:01:17', '2023-01-08 23:01:17'),
(531, 'ህጻናት ልብ ህክምና ሰብ-ስፔሻሊስት', NULL, 0, NULL, NULL, NULL, NULL, NULL, NULL, NULL, NULL, NULL, NULL, NULL, NULL, NULL, 17, NULL, NULL, NULL, '2023-01-08 23:01:32', '2023-01-08 23:01:32'),
(532, 'ዓይን ህክምና ስፔሻሊስት', NULL, 0, NULL, NULL, NULL, NULL, NULL, NULL, NULL, NULL, NULL, NULL, NULL, NULL, NULL, 17, NULL, NULL, NULL, '2023-01-08 23:01:44', '2023-01-08 23:01:44'),
(533, 'አዕምሮ ህክምና ስፔሻሊስት', NULL, 0, NULL, NULL, NULL, NULL, NULL, NULL, NULL, NULL, NULL, NULL, NULL, NULL, NULL, 17, NULL, NULL, NULL, '2023-01-08 23:02:00', '2023-01-08 23:02:00'),
(534, 'ኒውሮ ሳይካትሪ ሰብ-ስፔሻሊስት', NULL, 0, NULL, NULL, NULL, NULL, NULL, NULL, NULL, NULL, NULL, NULL, NULL, NULL, NULL, 17, NULL, NULL, NULL, '2023-01-08 23:02:16', '2023-01-08 23:02:16'),
(535, 'አረጋውያን አእምሮ ህክምና ሰብ-ስፔሻሊስት', NULL, 0, NULL, NULL, NULL, NULL, NULL, NULL, NULL, NULL, NULL, NULL, NULL, NULL, NULL, 17, NULL, NULL, NULL, '2023-01-08 23:02:28', '2023-01-08 23:02:28');
INSERT INTO `units` (`id`, `name`, `level`, `subordinate`, `email`, `telephone`, `extension_line`, `location`, `seal`, `teter`, `vision`, `mission`, `objective`, `building_number`, `office_number`, `motto`, `value_list`, `parent_unit_id`, `reports_to_id`, `organization_id`, `chair_man_type_id`, `created_at`, `updated_at`) VALUES
(536, 'ህጻናትና ወጣቶች አእምሮ ሰብ-ስፔሻሊስት', NULL, 0, NULL, NULL, NULL, NULL, NULL, NULL, NULL, NULL, NULL, NULL, NULL, NULL, NULL, 17, NULL, NULL, NULL, '2023-01-08 23:02:39', '2023-01-08 23:02:39'),
(537, 'የተቀናጀ አዕምሮ ጤና ህክምና ፕሮፌሽናል ስፔሻሊስት', NULL, 0, NULL, NULL, NULL, NULL, NULL, NULL, NULL, NULL, NULL, NULL, NULL, NULL, NULL, 17, NULL, NULL, NULL, '2023-01-08 23:02:51', '2023-01-08 23:02:51'),
(538, 'ፎረንሲከ ሳይካትሪ ሰብ-ስፔሻሊስት', NULL, 0, NULL, NULL, NULL, NULL, NULL, NULL, NULL, NULL, NULL, NULL, NULL, NULL, NULL, 17, NULL, NULL, NULL, '2023-01-08 23:03:09', '2023-01-08 23:03:09'),
(539, 'ደረጃ 4 ፎረንሲክ/ሞርቸሪ ቴክኒሻን', NULL, 0, NULL, NULL, NULL, NULL, NULL, NULL, NULL, NULL, NULL, NULL, NULL, NULL, NULL, 17, NULL, NULL, NULL, '2023-01-08 23:03:20', '2023-01-08 23:03:20'),
(541, 'HO_ደረጃ 5 ነርስ አንስቴትስት', NULL, 0, NULL, NULL, NULL, NULL, NULL, NULL, NULL, NULL, NULL, NULL, NULL, NULL, NULL, 17, NULL, NULL, NULL, '2023-01-08 23:04:18', '2023-01-08 23:04:18'),
(542, 'ካታራክት ሰርጅን', NULL, 0, NULL, NULL, NULL, NULL, NULL, NULL, NULL, NULL, NULL, NULL, NULL, NULL, NULL, 17, NULL, NULL, NULL, '2023-01-08 23:04:44', '2023-01-08 23:04:44'),
(545, 'የአስተዳደርና ልማት ዋና ዳይሬክተር', NULL, 0, NULL, NULL, NULL, NULL, NULL, NULL, NULL, NULL, NULL, NULL, NULL, NULL, NULL, 10, NULL, NULL, NULL, '2023-01-09 03:24:26', '2023-01-09 06:46:14'),
(581, 'የፕሬዝዳንት ጽ/ቤት ዋና ሰራ አስፈፃሚ', NULL, 1, NULL, NULL, NULL, NULL, NULL, NULL, NULL, NULL, NULL, NULL, NULL, NULL, NULL, 2, NULL, NULL, NULL, '2023-01-09 05:26:39', '2023-01-09 05:26:39'),
(582, 'የተቋማዊ ለውጥና መልካም አስተዳደር ጽ/ቤት', NULL, 0, NULL, NULL, NULL, NULL, NULL, NULL, NULL, NULL, NULL, NULL, NULL, NULL, NULL, 581, NULL, NULL, NULL, '2023-01-09 05:36:28', '2023-01-09 05:36:28'),
(583, 'የሴቶችና ማህበራዊ ጉዳዮች አካቶ ትግበራ ጽ/ቤት', NULL, 0, NULL, NULL, NULL, NULL, NULL, NULL, NULL, NULL, NULL, NULL, NULL, NULL, NULL, 581, NULL, NULL, NULL, '2023-01-09 05:37:01', '2023-01-09 05:37:01'),
(584, 'የሕዝብና አለም አቀፍ ግንኙነት ዳይሬክተር ጽ/ቤት', NULL, 0, NULL, NULL, NULL, NULL, NULL, NULL, NULL, NULL, NULL, NULL, NULL, NULL, NULL, 581, NULL, NULL, NULL, '2023-01-09 05:38:36', '2023-01-09 05:38:36'),
(585, 'የሥነ-ምግባርና ጸረ-ሙስና ጽ/ቤት', NULL, 0, NULL, NULL, NULL, NULL, NULL, NULL, NULL, NULL, NULL, NULL, NULL, NULL, NULL, 639, NULL, NULL, NULL, '2023-01-09 05:39:47', '2023-01-11 21:31:59'),
(586, 'የዕቅድ፣ መረጃና በጀት ጽ/ቤት', NULL, 0, NULL, NULL, NULL, NULL, NULL, NULL, NULL, NULL, NULL, NULL, NULL, NULL, NULL, 581, NULL, NULL, NULL, '2023-01-09 05:40:45', '2023-01-09 05:40:45'),
(588, 'የህግ አግለግሎት ጉዳዮች ስራ አስፋፃሚ', NULL, 0, NULL, NULL, NULL, NULL, NULL, NULL, NULL, NULL, NULL, NULL, NULL, NULL, NULL, 639, NULL, NULL, NULL, '2023-01-09 05:49:24', '2023-01-11 21:32:46'),
(589, 'የውስጥ ኦድት አግለግሎት  ስራ አስፋፃሚ', NULL, 0, NULL, NULL, NULL, NULL, NULL, NULL, NULL, NULL, NULL, NULL, NULL, NULL, NULL, 639, NULL, NULL, NULL, '2023-01-09 05:50:24', '2023-01-11 21:34:55'),
(592, 'የማስተርስ ፕሮግራሞች አስተባባሪ', NULL, 0, NULL, NULL, NULL, NULL, NULL, NULL, NULL, NULL, NULL, NULL, NULL, NULL, NULL, 80, NULL, NULL, NULL, '2023-01-09 22:44:04', '2023-01-11 22:18:48'),
(593, 'የትምህረት ጥራት ማሻሻያ ምዘናና ፈተና አስተባባሪ', NULL, 0, NULL, NULL, NULL, NULL, NULL, NULL, NULL, NULL, NULL, NULL, NULL, NULL, NULL, 73, NULL, NULL, NULL, '2023-01-09 22:47:45', '2023-01-09 22:47:45'),
(594, 'የማህረሰብ አሳታፊነት አስተባባሪ', NULL, 0, NULL, NULL, NULL, NULL, NULL, NULL, NULL, NULL, NULL, NULL, NULL, NULL, NULL, 134, NULL, NULL, NULL, '2023-01-09 23:11:04', '2023-01-09 23:11:04'),
(595, 'የቴክኖሎጂ ኢንኩቤሽንና ኢንተርፕሪነርሽፕ ማዕከል አስተባባሪ', NULL, 0, NULL, NULL, NULL, NULL, NULL, NULL, NULL, NULL, NULL, NULL, NULL, NULL, NULL, 134, NULL, NULL, NULL, '2023-01-09 23:14:52', '2023-01-09 23:14:52'),
(596, 'የእስቴም አስተባባሪ', NULL, 0, NULL, NULL, NULL, NULL, NULL, NULL, NULL, NULL, NULL, NULL, NULL, NULL, NULL, 134, NULL, NULL, NULL, '2023-01-09 23:15:52', '2023-01-09 23:15:52'),
(597, 'የምርምር ማዕከላት አስተባባሪ', NULL, 0, NULL, NULL, NULL, NULL, NULL, NULL, NULL, NULL, NULL, NULL, NULL, NULL, NULL, 133, NULL, NULL, NULL, '2023-01-09 23:18:51', '2023-01-09 23:18:51'),
(598, 'የምርምር ህትመትና ስርጭት አስተባባሪ', NULL, 0, NULL, NULL, NULL, NULL, NULL, NULL, NULL, NULL, NULL, NULL, NULL, NULL, NULL, 133, NULL, NULL, NULL, '2023-01-09 23:22:29', '2023-01-09 23:22:29'),
(599, 'የግራንት አስተዳደር ቡድን', NULL, 0, NULL, NULL, NULL, NULL, NULL, NULL, NULL, NULL, NULL, NULL, NULL, NULL, NULL, 136, NULL, NULL, NULL, '2023-01-09 23:27:09', '2023-01-09 23:27:09'),
(600, 'የመንገድ ደህንነት ምርምር ኢንትቲትዩት', NULL, 0, NULL, NULL, NULL, NULL, NULL, NULL, NULL, NULL, NULL, NULL, NULL, NULL, NULL, 5, NULL, NULL, NULL, '2023-01-09 23:32:48', '2023-01-09 23:32:48'),
(601, 'ማኔጅንግ ዳሬክተር ስራ አስፈፃሚ', NULL, 0, NULL, NULL, NULL, NULL, NULL, NULL, NULL, NULL, NULL, NULL, NULL, NULL, NULL, 6, NULL, NULL, NULL, '2023-01-09 23:47:40', '2023-01-09 23:49:59'),
(602, 'የጥራት ማሻሻያና ማጎልበቻ ማስተባበሪያ', NULL, 0, NULL, NULL, NULL, NULL, NULL, NULL, NULL, NULL, NULL, NULL, NULL, NULL, NULL, 10, NULL, NULL, NULL, '2023-01-10 02:17:32', '2023-01-11 23:05:51'),
(603, 'የሕዝብ አለም አቀፍ ግንኙነትና የሜዲካል ቱሪዝም ማዕከል', NULL, 0, NULL, NULL, NULL, NULL, NULL, NULL, NULL, NULL, NULL, NULL, NULL, NULL, NULL, 10, NULL, NULL, NULL, '2023-01-10 02:26:35', '2023-01-10 02:26:35'),
(604, 'የማማከርና ገቢ ማመንጫ ማስተባበሪያ', NULL, 0, NULL, NULL, NULL, NULL, NULL, NULL, NULL, NULL, NULL, NULL, NULL, NULL, NULL, 6, NULL, NULL, NULL, '2023-01-10 02:42:45', '2023-01-10 02:42:45'),
(605, 'ረዳት ሬጅስትራር', NULL, 0, NULL, NULL, NULL, NULL, NULL, NULL, NULL, NULL, NULL, NULL, NULL, NULL, NULL, 8, NULL, NULL, NULL, '2023-01-10 02:44:35', '2023-01-10 02:44:35'),
(607, 'HI-የዕቅድ መረጃና በጀት ቡድን', NULL, 0, NULL, NULL, NULL, NULL, NULL, NULL, NULL, NULL, NULL, NULL, NULL, NULL, NULL, 10, NULL, NULL, NULL, '2023-01-10 02:47:18', '2023-01-11 23:08:58'),
(610, 'የስርዓት ጾታ ጉዳዮች ቡድን', NULL, 0, NULL, NULL, NULL, NULL, NULL, NULL, NULL, NULL, NULL, NULL, NULL, NULL, NULL, 10, NULL, NULL, NULL, '2023-01-10 02:51:32', '2023-01-10 02:51:32'),
(611, 'የፕሪ-ኢንጅነሪንግና የጋራ ኮርሶች አስተባባሪ', NULL, 0, NULL, NULL, NULL, NULL, NULL, NULL, NULL, NULL, NULL, NULL, NULL, NULL, NULL, 8, NULL, NULL, NULL, '2023-01-10 02:53:48', '2023-01-10 02:53:48'),
(613, 'የቴክኖሎጅና የምርምር ፈጠራ ኢንተርፕራይዝና ኢንኩቤሽን ማዕከል አስተባባሪ', NULL, 0, NULL, NULL, NULL, NULL, NULL, NULL, NULL, NULL, NULL, NULL, NULL, NULL, NULL, 235, NULL, NULL, NULL, '2023-01-10 22:03:43', '2023-01-10 22:03:43'),
(614, 'የማህበረሰብ አገልግሎት ከሪየር ልማትና ስቴም አስተባባሪ', NULL, 0, NULL, NULL, NULL, NULL, NULL, NULL, NULL, NULL, NULL, NULL, NULL, NULL, NULL, 235, NULL, NULL, NULL, '2023-01-10 22:06:20', '2023-01-10 22:06:20'),
(615, 'ኢንተርንሽፕና  CBE  አስተባባሪ', NULL, 0, NULL, NULL, NULL, NULL, NULL, NULL, NULL, NULL, NULL, NULL, NULL, NULL, NULL, 235, NULL, NULL, NULL, '2023-01-10 22:08:11', '2023-01-10 22:08:11'),
(616, 'የምርምር ግራንት ማኔጅመንት ህትመትና ዶክመንቴሽን አስተባባሪ', NULL, 0, NULL, NULL, NULL, NULL, NULL, NULL, NULL, NULL, NULL, NULL, NULL, NULL, NULL, 191, NULL, NULL, NULL, '2023-01-10 22:11:33', '2023-01-10 22:11:33'),
(617, 'የድህረ-ምረቃ  ምርምር አስተባባሪ', NULL, 0, NULL, NULL, NULL, NULL, NULL, NULL, NULL, NULL, NULL, NULL, NULL, NULL, NULL, 191, NULL, NULL, NULL, '2023-01-10 22:12:39', '2023-01-10 22:12:39'),
(618, 'የላቦራቶሪና ወርክሾፕ ማኔጅመንት አስተባባሪ', NULL, 0, NULL, NULL, NULL, NULL, NULL, NULL, NULL, NULL, NULL, NULL, NULL, NULL, NULL, 191, NULL, NULL, NULL, '2023-01-10 22:14:30', '2023-01-10 22:14:30'),
(619, 'ልዩ ረዳት ጽ/ቤት', NULL, 0, NULL, NULL, NULL, NULL, NULL, NULL, NULL, NULL, NULL, NULL, NULL, NULL, NULL, 4, NULL, 1, NULL, '2023-01-10 22:53:56', '2023-01-10 22:54:56'),
(621, 'CAVM-የዕቅድ፣ መረጃና በጀት ጽ/ቤት', NULL, 0, NULL, NULL, NULL, NULL, NULL, NULL, NULL, NULL, NULL, NULL, NULL, NULL, NULL, 15, NULL, NULL, NULL, '2023-01-10 23:27:50', '2023-01-10 23:27:50'),
(622, 'CAVM-የትምህርት ክፍል ሀላፊ', NULL, 0, NULL, NULL, NULL, NULL, NULL, NULL, NULL, NULL, NULL, NULL, NULL, NULL, NULL, 15, NULL, NULL, NULL, '2023-01-10 23:30:21', '2023-01-10 23:30:21'),
(623, 'ም /ት/ት ክፍል ሀላፊ', NULL, 0, NULL, NULL, NULL, NULL, NULL, NULL, NULL, NULL, NULL, NULL, NULL, NULL, NULL, 622, NULL, NULL, NULL, '2023-01-10 23:34:15', '2023-01-10 23:34:15'),
(624, 'የማህበረሰብ አገልግሎት አስተባባሪ', NULL, 0, NULL, NULL, NULL, NULL, NULL, NULL, NULL, NULL, NULL, NULL, NULL, NULL, NULL, 252, NULL, NULL, NULL, '2023-01-10 23:36:26', '2023-01-10 23:36:26'),
(625, 'የኢንዱስትሪ  ትስስርና ቴክኖሎጅ ሽግግር አስተባባሪ', NULL, 0, NULL, NULL, NULL, NULL, NULL, NULL, NULL, NULL, NULL, NULL, NULL, NULL, NULL, 252, NULL, NULL, NULL, '2023-01-10 23:40:07', '2023-01-10 23:40:07'),
(626, 'የት/ት ጥራት ምዘናና ፈተና ማስተባበሪያ', NULL, 0, NULL, NULL, NULL, NULL, NULL, NULL, NULL, NULL, NULL, NULL, NULL, NULL, NULL, 251, NULL, NULL, NULL, '2023-01-10 23:45:04', '2023-01-10 23:45:04'),
(627, 'የተማሪዎች ክህሎት ማጎልበቻ አስተባባሪ', NULL, 0, NULL, NULL, NULL, NULL, NULL, NULL, NULL, NULL, NULL, NULL, NULL, NULL, NULL, 251, NULL, NULL, NULL, '2023-01-10 23:47:36', '2023-01-10 23:47:36'),
(628, 'የጋራ ኮርሶች አስተባባሪ', NULL, 0, NULL, NULL, NULL, NULL, NULL, NULL, NULL, NULL, NULL, NULL, NULL, NULL, NULL, 19, NULL, NULL, NULL, '2023-01-11 02:53:38', '2023-01-11 02:53:38'),
(629, 'የምርምር ህትመትና ግራንት ማኔጅመንት አስተባባሪ', NULL, 0, NULL, NULL, NULL, NULL, NULL, NULL, NULL, NULL, NULL, NULL, NULL, NULL, NULL, 19, NULL, NULL, NULL, '2023-01-11 02:55:08', '2023-01-11 02:55:08'),
(630, 'CNS-የአካዳሚክና ምርምር ጉዳዩች ም/ዲን ጽ/ቤት', NULL, 0, NULL, NULL, NULL, NULL, NULL, NULL, NULL, NULL, NULL, NULL, NULL, NULL, NULL, 24, NULL, NULL, NULL, '2022-12-16 02:42:18', '2022-12-16 02:42:18'),
(631, 'CNS-የምርምር ማዕከል', NULL, 0, NULL, NULL, NULL, NULL, NULL, NULL, NULL, NULL, NULL, NULL, NULL, NULL, NULL, 24, NULL, NULL, NULL, '2023-01-05 21:04:39', '2023-01-10 20:23:30'),
(632, 'CNS-የት/ት ኘሮግራሞች ጥራት ምዘናና ፈተና ማስተባበሪያ', NULL, 0, NULL, NULL, NULL, NULL, NULL, NULL, NULL, NULL, NULL, NULL, NULL, NULL, NULL, 24, NULL, NULL, NULL, '2023-01-05 21:09:48', '2023-01-10 20:41:28'),
(633, 'CNS-ማህበረሰብ አቀፍ ትምሀርት ማስተባባሪያ', NULL, 0, NULL, NULL, NULL, NULL, NULL, NULL, NULL, NULL, NULL, NULL, NULL, NULL, NULL, 24, NULL, NULL, NULL, '2023-01-05 21:10:16', '2023-01-10 23:29:27'),
(634, 'CNS-ማኔጅንግ ዳሬክተር/የኮሌጅ አስተዳደር', NULL, 0, NULL, NULL, NULL, NULL, NULL, NULL, NULL, NULL, NULL, NULL, NULL, NULL, NULL, 24, NULL, NULL, NULL, '2023-01-05 21:10:41', '2023-01-12 05:59:45'),
(635, 'CNS-የዕቅድ፣ መረጃና በጀት ጽ/ቤት', NULL, 0, NULL, NULL, NULL, NULL, NULL, NULL, NULL, NULL, NULL, NULL, NULL, NULL, NULL, 24, NULL, NULL, NULL, '2023-01-10 20:27:50', '2023-01-10 20:27:50'),
(637, 'CNS-የትምህርት ክፍል ሀላፊ', NULL, 0, NULL, NULL, NULL, NULL, NULL, NULL, NULL, NULL, NULL, NULL, NULL, NULL, NULL, 24, NULL, NULL, NULL, '2023-01-10 20:30:21', '2023-01-12 06:18:53'),
(639, 'የዩኒቨርሲቲዉ ፕሬዜዲንት ጽ/ቤት ሃሊፊ', NULL, 1, NULL, NULL, NULL, NULL, NULL, NULL, NULL, NULL, NULL, NULL, NULL, NULL, NULL, 2, NULL, 1, NULL, '2023-01-11 05:03:35', '2023-01-11 05:03:35'),
(640, 'የአካዳሚክ ጉዳዮች ም/ፕሬዝዳንት ጽ/ቤት ሀላፊ', NULL, 0, NULL, NULL, NULL, NULL, NULL, NULL, NULL, NULL, NULL, NULL, NULL, NULL, NULL, 3, NULL, NULL, NULL, '2023-01-11 22:16:08', '2023-01-11 22:16:08'),
(641, 'የዶክቶራል ድግሪ ፕሮግራም አስተባባሪ', NULL, 0, NULL, NULL, NULL, NULL, NULL, NULL, NULL, NULL, NULL, NULL, NULL, NULL, NULL, 80, NULL, 1, NULL, '2023-01-11 22:21:07', '2023-01-11 22:21:07'),
(642, 'የሜድካል ቱሪዝም ማዕከል', NULL, 0, NULL, NULL, NULL, NULL, NULL, NULL, NULL, NULL, NULL, NULL, NULL, NULL, NULL, 10, NULL, 1, NULL, '2023-01-11 23:16:44', '2023-01-11 23:16:44'),
(644, 'HI-ሬጅስትራር ጽ/ቤት', NULL, 0, NULL, NULL, NULL, NULL, NULL, NULL, NULL, NULL, NULL, NULL, NULL, NULL, NULL, 12, NULL, 1, NULL, '2023-01-11 23:55:33', '2023-01-11 23:55:33'),
(645, 'የስነምግብ ጥናት ምርምር ማዕከል', NULL, 0, NULL, NULL, NULL, NULL, NULL, NULL, NULL, NULL, NULL, NULL, NULL, NULL, NULL, 12, NULL, NULL, NULL, '2023-01-11 23:56:23', '2023-01-11 23:56:23'),
(647, 'ምርምርና የድህረ ምርቃ ማስተባበሪያ ጽ/ቤት', NULL, 0, NULL, NULL, NULL, NULL, NULL, NULL, NULL, NULL, NULL, NULL, NULL, NULL, NULL, 12, NULL, 1, NULL, '2023-01-11 23:57:43', '2023-01-11 23:57:43'),
(648, 'የማህበረሰብ አቀፍ ትምህርት ፕሮግራም ማስተባበሪያ ጽ/ቤት', NULL, 0, NULL, NULL, NULL, NULL, NULL, NULL, NULL, NULL, NULL, NULL, NULL, NULL, NULL, 12, NULL, 1, NULL, '2023-01-11 23:58:46', '2023-01-11 23:58:46'),
(649, 'የተከታታይና ርቀት ት/ት ፕሮግራም  ማስተባባሪያ', NULL, 0, NULL, NULL, NULL, NULL, NULL, NULL, NULL, NULL, NULL, NULL, NULL, NULL, NULL, 12, NULL, 1, NULL, '2023-01-12 00:00:46', '2023-01-12 00:00:46'),
(650, 'የማይኮ ባክቴሮጂ የምርምር ማዕከል', NULL, 0, NULL, NULL, NULL, NULL, NULL, NULL, NULL, NULL, NULL, NULL, NULL, NULL, NULL, 12, NULL, 1, NULL, '2023-01-12 00:02:29', '2023-01-12 00:02:29'),
(651, 'የመድሀኒት ጥራት ምርምር ላቦራቶሪ ማዕከል', NULL, 0, NULL, NULL, NULL, NULL, NULL, NULL, NULL, NULL, NULL, NULL, NULL, NULL, NULL, 12, NULL, NULL, NULL, '2023-01-12 00:03:03', '2023-01-12 00:03:03'),
(652, 'የሞሎኩላር ባዮሎጂ የምርምር ማዕከል', NULL, 0, NULL, NULL, NULL, NULL, NULL, NULL, NULL, NULL, NULL, NULL, NULL, NULL, NULL, 12, NULL, 1, NULL, '2023-01-12 00:03:39', '2023-01-12 00:03:39'),
(653, 'የግልገል ጊቤ ፊልድ የምርምር ማዕከል', NULL, 0, NULL, NULL, NULL, NULL, NULL, NULL, NULL, NULL, NULL, NULL, NULL, NULL, NULL, 12, NULL, 1, NULL, '2023-01-12 00:04:22', '2023-01-12 00:04:22'),
(654, 'የህክምና ፋኩልቲ', NULL, 0, NULL, NULL, NULL, NULL, NULL, NULL, NULL, NULL, NULL, NULL, NULL, NULL, NULL, 12, NULL, NULL, NULL, '2023-01-12 00:05:16', '2023-01-12 00:05:16'),
(655, 'የህበረተሰብ ጤና ፋካልቲ', NULL, 0, NULL, NULL, NULL, NULL, NULL, NULL, NULL, NULL, NULL, NULL, NULL, NULL, NULL, 12, NULL, NULL, NULL, '2023-01-12 00:06:20', '2023-01-12 00:06:20'),
(656, 'የጤና ሣይንስ ፋካሊቲ', NULL, 0, NULL, NULL, NULL, NULL, NULL, NULL, NULL, NULL, NULL, NULL, NULL, NULL, NULL, 12, NULL, 1, NULL, '2023-01-12 00:06:59', '2023-01-12 00:09:14'),
(657, 'የአካዳሚክ አገልግሎት ማሻሻያ ቡድን', NULL, 0, NULL, NULL, NULL, NULL, NULL, NULL, NULL, NULL, NULL, NULL, NULL, NULL, NULL, 12, NULL, NULL, NULL, '2023-01-12 00:11:36', '2023-01-12 00:11:36'),
(658, 'የተኝቶ ህክምና ዳይሬክተር', NULL, 0, NULL, NULL, NULL, NULL, NULL, NULL, NULL, NULL, NULL, NULL, NULL, NULL, NULL, 13, NULL, NULL, NULL, '2023-01-08 19:22:48', '2023-01-08 19:22:48'),
(659, 'የጤና አገልግሎት ጥራት  ማሻሻያ ቡድን', NULL, 0, NULL, NULL, NULL, NULL, NULL, NULL, NULL, NULL, NULL, NULL, NULL, NULL, NULL, 13, NULL, NULL, NULL, '2023-01-08 19:23:13', '2023-01-08 19:23:13'),
(660, 'የተመላላሽ ህክምና  ዳይሬክተር', NULL, 0, NULL, NULL, NULL, NULL, NULL, NULL, NULL, NULL, NULL, NULL, NULL, NULL, NULL, 13, NULL, NULL, NULL, '2023-01-08 19:23:33', '2023-01-08 19:23:33'),
(661, 'የድንገተኛ ህክምና  ዳይሬክተር', NULL, 0, NULL, NULL, NULL, NULL, NULL, NULL, NULL, NULL, NULL, NULL, NULL, NULL, NULL, 13, NULL, NULL, NULL, '2023-01-08 19:23:55', '2023-01-08 19:23:55'),
(662, 'የካንሰር  ህክምና ማዕከል', NULL, 0, NULL, NULL, NULL, NULL, NULL, NULL, NULL, NULL, NULL, NULL, NULL, NULL, NULL, 13, NULL, NULL, NULL, '2023-01-08 19:24:58', '2023-01-08 19:24:58'),
(663, 'የሜዲካል ሪከርድ ቡድን', NULL, 0, NULL, NULL, NULL, NULL, NULL, NULL, NULL, NULL, NULL, NULL, NULL, NULL, NULL, 13, NULL, NULL, NULL, '2023-01-08 19:25:24', '2023-01-08 19:25:24'),
(664, 'የክሊኒካል  አገልግሎት ማሻሻያ  ቡድን', NULL, 0, NULL, NULL, NULL, NULL, NULL, NULL, NULL, NULL, NULL, NULL, NULL, NULL, NULL, 13, NULL, NULL, NULL, '2023-01-08 19:25:42', '2023-01-08 19:25:42'),
(665, 'ኢንፌክሽን ፕሪቬንሽንና ኦኮፕሽናል ሄልዝ', NULL, 0, NULL, NULL, NULL, NULL, NULL, NULL, NULL, NULL, NULL, NULL, NULL, NULL, NULL, 13, NULL, NULL, NULL, '2023-01-08 19:25:58', '2023-01-08 19:25:58'),
(666, 'የሰው  ሰራሽ  አካል  ማዳራጃ ማዕከል', NULL, 0, NULL, NULL, NULL, NULL, NULL, NULL, NULL, NULL, NULL, NULL, NULL, NULL, NULL, 13, NULL, NULL, NULL, '2023-01-08 19:26:14', '2023-01-08 19:26:14'),
(667, 'አይ.ሲ.ዩ  ዳይሬክተር', NULL, 0, NULL, NULL, NULL, NULL, NULL, NULL, NULL, NULL, NULL, NULL, NULL, NULL, NULL, 13, NULL, NULL, NULL, '2023-01-08 19:26:27', '2023-01-08 19:26:27'),
(668, 'ኦ.አር.  ዳይሬክተር', NULL, 0, NULL, NULL, NULL, NULL, NULL, NULL, NULL, NULL, NULL, NULL, NULL, NULL, NULL, 13, NULL, NULL, NULL, '2023-01-08 19:26:43', '2023-01-08 19:26:43'),
(669, 'ነርስና ሚዲዋይፈሪ ዳይሬክተር', NULL, 0, NULL, NULL, NULL, NULL, NULL, NULL, NULL, NULL, NULL, NULL, NULL, NULL, NULL, 13, NULL, NULL, NULL, '2023-01-08 19:27:12', '2023-01-08 19:27:12'),
(670, 'የላብራቶሪ ዳይሬክተር', NULL, 0, NULL, NULL, NULL, NULL, NULL, NULL, NULL, NULL, NULL, NULL, NULL, NULL, NULL, 13, NULL, NULL, NULL, '2023-01-08 19:27:28', '2023-01-08 19:27:28'),
(671, 'ፋርማሲ ዳይሬክተር', NULL, 0, NULL, NULL, NULL, NULL, NULL, NULL, NULL, NULL, NULL, NULL, NULL, NULL, NULL, 13, NULL, NULL, NULL, '2023-01-08 19:27:46', '2023-01-08 19:27:46'),
(672, 'ባዮሜዲካል ምህንድስና ማዕከል', NULL, 0, NULL, NULL, NULL, NULL, NULL, NULL, NULL, NULL, NULL, NULL, NULL, NULL, NULL, 13, NULL, NULL, NULL, '2023-01-08 19:28:01', '2023-01-08 19:28:01'),
(673, 'ላይዘን እና ሪፈራል ክፍል', NULL, 0, NULL, NULL, NULL, NULL, NULL, NULL, NULL, NULL, NULL, NULL, NULL, NULL, NULL, 13, NULL, NULL, NULL, '2023-01-08 19:28:15', '2023-01-08 19:28:15'),
(674, 'የጤና ክትትልና ግምገማ ክፍል', NULL, 0, NULL, NULL, NULL, NULL, NULL, NULL, NULL, NULL, NULL, NULL, NULL, NULL, NULL, 13, NULL, NULL, NULL, '2023-01-08 19:28:33', '2023-01-08 19:28:33'),
(675, 'ሀይጅንና አከባቢ ጤና አጠባበቅ ክፍል', NULL, 0, NULL, NULL, NULL, NULL, NULL, NULL, NULL, NULL, NULL, NULL, NULL, NULL, NULL, 13, NULL, NULL, NULL, '2023-01-08 19:28:49', '2023-01-08 19:28:49'),
(676, 'የህመም ስቃይ ክብካቤ ቡድን', NULL, 0, NULL, NULL, NULL, NULL, NULL, NULL, NULL, NULL, NULL, NULL, NULL, NULL, NULL, 13, NULL, NULL, NULL, '2023-01-08 19:29:07', '2023-01-08 19:29:07'),
(677, 'ሴንትራል እስትራላይዜሽን ክፍል', NULL, 0, NULL, NULL, NULL, NULL, NULL, NULL, NULL, NULL, NULL, NULL, NULL, NULL, NULL, 13, NULL, NULL, NULL, '2023-01-08 19:29:24', '2023-01-08 19:29:24'),
(678, 'የማህበራዊ አገልግሎት ክፍል', NULL, 0, NULL, NULL, NULL, NULL, NULL, NULL, NULL, NULL, NULL, NULL, NULL, NULL, NULL, 13, NULL, NULL, NULL, '2023-01-08 19:29:40', '2023-01-08 19:29:40'),
(679, 'የሕግ ነክ ሕክምናና ስነ ምረዛ ክፍል', NULL, 0, NULL, NULL, NULL, NULL, NULL, NULL, NULL, NULL, NULL, NULL, NULL, NULL, NULL, 13, NULL, NULL, NULL, '2023-01-08 19:29:54', '2023-01-08 19:29:54'),
(680, 'የኒውክለር ሕክምኛ ቡድን', NULL, 0, NULL, NULL, NULL, NULL, NULL, NULL, NULL, NULL, NULL, NULL, NULL, NULL, NULL, 13, NULL, NULL, NULL, '2023-01-08 19:30:08', '2023-01-08 19:30:08'),
(681, 'የምርምርናየድህረምረቃፕሮግራምማስተባበሪያ', NULL, 0, NULL, NULL, NULL, NULL, NULL, NULL, NULL, NULL, NULL, NULL, NULL, NULL, NULL, 13, NULL, NULL, NULL, '2023-01-08 19:30:27', '2023-01-08 19:30:27'),
(682, 'የማህበረሰብ አቀፍ ስልጠና ፕሮግራም ማስተባበሪያ', NULL, 0, NULL, NULL, NULL, NULL, NULL, NULL, NULL, NULL, NULL, NULL, NULL, NULL, NULL, 13, NULL, NULL, NULL, '2023-01-08 19:30:44', '2023-01-08 19:30:44'),
(683, 'የፋይናንስ አስተዳደር ስራ አስፈጻሚ', NULL, 0, NULL, NULL, NULL, NULL, NULL, NULL, NULL, NULL, NULL, NULL, NULL, NULL, NULL, 545, NULL, NULL, NULL, '2023-01-09 00:30:13', '2023-01-09 22:56:32'),
(684, 'የስዉ ሀብት አስተዳደርና  ለማት ሰራ አስፈፃሚ', NULL, 0, NULL, NULL, NULL, NULL, NULL, NULL, NULL, NULL, NULL, NULL, NULL, NULL, NULL, 545, NULL, NULL, NULL, '2023-01-09 00:39:43', '2023-01-09 23:12:47'),
(685, 'የንብረት አስተዳዳር ስራ አስፈጻሚ', NULL, 0, NULL, NULL, NULL, NULL, NULL, NULL, NULL, NULL, NULL, NULL, NULL, NULL, NULL, 545, NULL, NULL, NULL, '2023-01-09 00:33:11', '2023-01-09 00:33:11'),
(686, 'የግዥ አስተዳዳር ስራ አስፈጻሚ', NULL, 0, NULL, NULL, NULL, NULL, NULL, NULL, NULL, NULL, NULL, NULL, NULL, NULL, NULL, 545, NULL, NULL, NULL, '2023-01-09 00:32:21', '2023-01-09 00:32:21'),
(687, 'የጸጥታና ደህንነት  ቡድን', NULL, 0, NULL, NULL, NULL, NULL, NULL, NULL, NULL, NULL, NULL, NULL, NULL, NULL, NULL, 545, NULL, NULL, NULL, '2023-01-09 00:38:54', '2023-01-09 23:04:16'),
(688, 'የህንፃ አስተዳደርና የጠቅላላ አገልግሎት ስራ አስፈጻሚ', NULL, 0, NULL, NULL, NULL, NULL, NULL, NULL, NULL, NULL, NULL, NULL, NULL, NULL, NULL, 545, NULL, NULL, NULL, '2023-01-09 00:43:24', '2023-01-09 00:43:24'),
(689, 'የፋርማሲ ት/ክፍል', NULL, 0, NULL, NULL, NULL, NULL, NULL, NULL, NULL, NULL, NULL, NULL, NULL, NULL, NULL, 656, NULL, 1, NULL, '2023-01-12 03:11:10', '2023-01-12 03:11:10'),
(690, 'የፋርማሲቲካል ሳይንስ ት/ክፍል', NULL, 0, NULL, NULL, NULL, NULL, NULL, NULL, NULL, NULL, NULL, NULL, NULL, NULL, NULL, 689, NULL, 1, NULL, '2023-01-12 03:12:20', '2023-01-12 03:12:20'),
(691, 'የክሊኒካል ፋርማሲ ት/ክፍል', NULL, 0, NULL, NULL, NULL, NULL, NULL, NULL, NULL, NULL, NULL, NULL, NULL, NULL, NULL, 689, NULL, 1, NULL, '2023-01-12 03:12:44', '2023-01-12 03:12:44'),
(692, 'የሶሻል ፋርማሲ ት/ክፍል', NULL, 0, NULL, NULL, NULL, NULL, NULL, NULL, NULL, NULL, NULL, NULL, NULL, NULL, NULL, 689, NULL, 1, NULL, '2023-01-12 03:13:05', '2023-01-12 03:13:05'),
(693, 'የነርስ ት/ክፍል', NULL, 0, NULL, NULL, NULL, NULL, NULL, NULL, NULL, NULL, NULL, NULL, NULL, NULL, NULL, 656, NULL, 1, NULL, '2023-01-12 03:13:59', '2023-01-12 03:13:59'),
(694, 'የሚድዋይፈሪ ት/ክፍል', NULL, 0, NULL, NULL, NULL, NULL, NULL, NULL, NULL, NULL, NULL, NULL, NULL, NULL, NULL, 656, NULL, 1, NULL, '2023-01-12 03:15:08', '2023-01-12 03:15:08'),
(695, 'የሜዲካል ላቦራቶሪ ት/ክፍል', NULL, 0, NULL, NULL, NULL, NULL, NULL, NULL, NULL, NULL, NULL, NULL, NULL, NULL, NULL, 656, NULL, 1, NULL, '2023-01-12 03:15:48', '2023-01-12 03:15:48'),
(696, 'የማይክሮባዮሎጂ ት/ክፍል', NULL, 0, NULL, NULL, NULL, NULL, NULL, NULL, NULL, NULL, NULL, NULL, NULL, NULL, NULL, 656, NULL, 1, NULL, '2023-01-12 03:16:09', '2023-01-12 03:16:09'),
(697, 'የሄማቶሎጂ ት/ክፍል', NULL, 0, NULL, NULL, NULL, NULL, NULL, NULL, NULL, NULL, NULL, NULL, NULL, NULL, NULL, 656, NULL, 1, NULL, '2023-01-12 03:16:37', '2023-01-12 03:16:37'),
(698, 'የፓራሳይቶሎጂ ት/ክፍል', NULL, 0, NULL, NULL, NULL, NULL, NULL, NULL, NULL, NULL, NULL, NULL, NULL, NULL, NULL, 656, NULL, 1, NULL, '2023-01-12 03:16:59', '2023-01-12 03:16:59'),
(699, 'የክሊኒካል ኬሚስትሪ ት/ክፍል', NULL, 0, NULL, NULL, NULL, NULL, NULL, NULL, NULL, NULL, NULL, NULL, NULL, NULL, NULL, 656, NULL, 1, NULL, '2023-01-12 03:17:26', '2023-01-12 03:17:26'),
(700, 'የጤና አጠባበቅና ስነባህሪ ሳይንስ ት/ክፍል', NULL, 0, NULL, NULL, NULL, NULL, NULL, NULL, NULL, NULL, NULL, NULL, NULL, NULL, NULL, 655, NULL, 1, NULL, '2023-01-12 03:18:24', '2023-01-12 03:18:24'),
(701, 'የጤና አገልግሎትና ስራ አመራር ት/ክፍል', NULL, 0, NULL, NULL, NULL, NULL, NULL, NULL, NULL, NULL, NULL, NULL, NULL, NULL, NULL, 655, NULL, 1, NULL, '2023-01-12 03:18:54', '2023-01-12 03:18:54'),
(702, 'የስነህዝብና ቤተሰብ ጤና ት/ክፍል ኃላፊ', NULL, 0, NULL, NULL, NULL, NULL, NULL, NULL, NULL, NULL, NULL, NULL, NULL, NULL, NULL, 655, NULL, 1, NULL, '2023-01-12 03:19:18', '2023-01-12 03:19:18'),
(703, 'የኑዩትሪሽን ት/ክፍል ኃላፊ', NULL, 0, NULL, NULL, NULL, NULL, NULL, NULL, NULL, NULL, NULL, NULL, NULL, NULL, NULL, 655, NULL, 1, NULL, '2023-01-12 03:19:39', '2023-01-12 03:19:39'),
(704, 'የኢፒዲሞሎጂ ት/ክፍል ኃላፊ', NULL, 0, NULL, NULL, NULL, NULL, NULL, NULL, NULL, NULL, NULL, NULL, NULL, NULL, NULL, 655, NULL, 1, NULL, '2023-01-12 03:20:07', '2023-01-12 03:20:07'),
(705, 'የሄልዝ ኢንፎርማቲክስ ት/ክፍል ኃላፊ', NULL, 0, NULL, NULL, NULL, NULL, NULL, NULL, NULL, NULL, NULL, NULL, NULL, NULL, NULL, 655, NULL, 1, NULL, '2023-01-12 03:20:27', '2023-01-12 03:20:27'),
(706, 'የአካባቢ ጤና አጠባበቅ ት/ክፍል', NULL, 0, NULL, NULL, NULL, NULL, NULL, NULL, NULL, NULL, NULL, NULL, NULL, NULL, NULL, 655, NULL, 1, NULL, '2023-01-12 03:20:51', '2023-01-12 03:20:51'),
(707, 'የቀዶ ህክምና ት/ት ክፍል', NULL, 0, NULL, NULL, NULL, NULL, NULL, NULL, NULL, NULL, NULL, NULL, NULL, NULL, NULL, 654, NULL, 1, NULL, '2023-01-12 03:21:57', '2023-01-12 03:21:57'),
(708, 'የውስጥ ደዌ ህክምና ት/ት ክፍል', NULL, 0, NULL, NULL, NULL, NULL, NULL, NULL, NULL, NULL, NULL, NULL, NULL, NULL, NULL, 654, NULL, 1, NULL, '2023-01-12 03:22:52', '2023-01-12 03:22:52'),
(709, 'የማህጸንና ጽንስ ህክምና ትምህርት ክፍል', NULL, 0, NULL, NULL, NULL, NULL, NULL, NULL, NULL, NULL, NULL, NULL, NULL, NULL, NULL, 654, NULL, 1, NULL, '2023-01-12 03:23:12', '2023-01-12 03:23:12'),
(710, 'የህጻናት ህክምና ትምህርት ክፍል', NULL, 0, NULL, NULL, NULL, NULL, NULL, NULL, NULL, NULL, NULL, NULL, NULL, NULL, NULL, 654, NULL, 1, NULL, '2023-01-12 03:23:31', '2023-01-12 03:23:31'),
(711, 'የአንስቴዥያ ትምህርት ክፍል', NULL, 0, NULL, NULL, NULL, NULL, NULL, NULL, NULL, NULL, NULL, NULL, NULL, NULL, NULL, 654, NULL, 1, NULL, '2023-01-12 03:23:49', '2023-01-12 03:23:49'),
(712, 'የአዕምሮ ህክምና ትምህርት ክፍል', NULL, 0, NULL, NULL, NULL, NULL, NULL, NULL, NULL, NULL, NULL, NULL, NULL, NULL, NULL, 654, NULL, 1, NULL, '2023-01-12 03:24:07', '2023-01-12 03:24:07'),
(713, 'የዓይን ህክምና ትምህርት ክፍል', NULL, 0, NULL, NULL, NULL, NULL, NULL, NULL, NULL, NULL, NULL, NULL, NULL, NULL, NULL, 654, NULL, 1, NULL, '2023-01-12 03:24:52', '2023-01-12 03:24:52'),
(714, 'የራዲዮሎጂ የትምህርት ክፍል', NULL, 0, NULL, NULL, NULL, NULL, NULL, NULL, NULL, NULL, NULL, NULL, NULL, NULL, NULL, 654, NULL, 1, NULL, '2023-01-12 03:25:09', '2023-01-12 03:25:09'),
(715, 'የቆዳና አባላዘር ህክምና ትምህርት ክፍል', NULL, 0, NULL, NULL, NULL, NULL, NULL, NULL, NULL, NULL, NULL, NULL, NULL, NULL, NULL, 654, NULL, 1, NULL, '2023-01-12 03:25:28', '2023-01-12 03:25:28'),
(716, 'የኢመርጀንሲ ሜዲሲን ትምህርት ክፍል', NULL, 0, NULL, NULL, NULL, NULL, NULL, NULL, NULL, NULL, NULL, NULL, NULL, NULL, NULL, 654, NULL, 1, NULL, '2023-01-12 03:25:48', '2023-01-12 03:25:48'),
(717, 'የፓቶሎጂ ትምህርት ክፍል', NULL, 0, NULL, NULL, NULL, NULL, NULL, NULL, NULL, NULL, NULL, NULL, NULL, NULL, NULL, 654, NULL, 1, NULL, '2023-01-12 03:26:06', '2023-01-12 03:26:06'),
(718, 'የጤና መኮንንና የህክምና ተማሪዎች ት/ክፍል', NULL, 0, NULL, NULL, NULL, NULL, NULL, NULL, NULL, NULL, NULL, NULL, NULL, NULL, NULL, 654, NULL, 1, NULL, '2023-01-12 03:26:31', '2023-01-12 03:26:31'),
(719, 'የአንገት በላይ(ENT) ህክምና ት/ክፍል', NULL, 0, NULL, NULL, NULL, NULL, NULL, NULL, NULL, NULL, NULL, NULL, NULL, NULL, NULL, 654, NULL, 1, NULL, '2023-01-12 03:26:50', '2023-01-12 03:26:50'),
(720, 'የOrthopedics ት/ክፍል', NULL, 0, NULL, NULL, NULL, NULL, NULL, NULL, NULL, NULL, NULL, NULL, NULL, NULL, NULL, 654, NULL, 1, NULL, '2023-01-12 03:27:08', '2023-01-12 03:27:08'),
(721, 'ፊዚዮቴራፒ ት/ክፍል', NULL, 0, NULL, NULL, NULL, NULL, NULL, NULL, NULL, NULL, NULL, NULL, NULL, NULL, NULL, 654, NULL, 1, NULL, '2023-01-12 03:27:27', '2023-01-12 03:27:27'),
(722, 'የጥርስ ህክምና ት/ቤት', NULL, 0, NULL, NULL, NULL, NULL, NULL, NULL, NULL, NULL, NULL, NULL, NULL, NULL, NULL, 654, NULL, 1, NULL, '2023-01-12 03:27:53', '2023-01-12 03:27:53'),
(723, 'የባዮማዲካል ሣይንስ ት/ክፍል', NULL, 0, NULL, NULL, NULL, NULL, NULL, NULL, NULL, NULL, NULL, NULL, NULL, NULL, NULL, 654, NULL, 1, NULL, '2023-01-12 03:28:14', '2023-01-12 03:28:14'),
(724, 'የአናቶሚ ትምህርት ክፍል', NULL, 0, NULL, NULL, NULL, NULL, NULL, NULL, NULL, NULL, NULL, NULL, NULL, NULL, NULL, 654, NULL, 1, NULL, '2023-01-12 03:28:38', '2023-01-12 03:28:38'),
(725, 'የባዮኬሚስትሪ ት/ክፍል', NULL, 0, NULL, NULL, NULL, NULL, NULL, NULL, NULL, NULL, NULL, NULL, NULL, NULL, NULL, 654, NULL, 1, NULL, '2023-01-12 03:29:02', '2023-01-12 03:29:02'),
(726, 'የፊዚሎጂ ት/ክፍል', NULL, 0, NULL, NULL, NULL, NULL, NULL, NULL, NULL, NULL, NULL, NULL, NULL, NULL, NULL, 654, NULL, 1, NULL, '2023-01-12 03:29:21', '2023-01-12 03:29:21'),
(727, 'የትምህርትና ምርምር ቴክኖሎጂዎች ቡድን', NULL, 0, NULL, NULL, NULL, NULL, NULL, NULL, NULL, NULL, NULL, NULL, NULL, NULL, NULL, 72, NULL, 1, NULL, '2023-01-12 04:47:34', '2023-01-12 04:47:34'),
(728, 'የመሰረተ ልማትና ደህንነት አገልግሎት ቡድን', NULL, 0, NULL, NULL, NULL, NULL, NULL, NULL, NULL, NULL, NULL, NULL, NULL, NULL, NULL, 72, NULL, 1, NULL, '2023-01-12 04:48:15', '2023-01-12 04:48:15'),
(729, 'CLG-የአካዳሚክና ምርምር ጉዳዩች ም/ዲን ጽ/ቤት', NULL, 0, NULL, NULL, NULL, NULL, NULL, NULL, NULL, NULL, NULL, NULL, NULL, NULL, NULL, 35, NULL, NULL, NULL, '2022-12-16 02:42:18', '2022-12-16 02:42:18'),
(730, 'CLG-የምርምር ማዕከል', NULL, 0, NULL, NULL, NULL, NULL, NULL, NULL, NULL, NULL, NULL, NULL, NULL, NULL, NULL, 35, NULL, NULL, NULL, '2023-01-05 21:04:39', '2023-01-10 20:23:30'),
(731, 'CLG-የት/ት ኘሮግራሞች ጥራት ምዘናና ፈተና ማስተባበሪያ', NULL, 0, NULL, NULL, NULL, NULL, NULL, NULL, NULL, NULL, NULL, NULL, NULL, NULL, NULL, 35, NULL, NULL, NULL, '2023-01-05 21:09:48', '2023-01-10 20:41:28'),
(732, 'CLG-ማህበረሰብ አቀፍ ትምሀርት ማስተባባሪያ', NULL, 0, NULL, NULL, NULL, NULL, NULL, NULL, NULL, NULL, NULL, NULL, NULL, NULL, NULL, 35, NULL, NULL, NULL, '2023-01-05 21:10:16', '2023-01-10 23:29:27'),
(733, 'CLG-ማኔጅንግ ዳሬክተር/የኮሌጅ አስተዳደር', NULL, 0, NULL, NULL, NULL, NULL, NULL, NULL, NULL, NULL, NULL, NULL, NULL, NULL, NULL, 35, NULL, 1, NULL, '2023-01-05 21:10:41', '2023-01-12 05:31:20'),
(734, 'CLG-የዕቅድ፣ መረጃና በጀት ጽ/ቤት', NULL, 0, NULL, NULL, NULL, NULL, NULL, NULL, NULL, NULL, NULL, NULL, NULL, NULL, NULL, 35, NULL, NULL, NULL, '2023-01-10 20:27:50', '2023-01-10 20:27:50'),
(736, 'የምርምርና የድህረ-ምረቃማስተባበሪያ', NULL, 0, NULL, NULL, NULL, NULL, NULL, NULL, NULL, NULL, NULL, NULL, NULL, NULL, NULL, 729, NULL, 1, NULL, '2023-01-12 05:07:57', '2023-01-12 05:07:57'),
(737, 'የተከታታይና ርቀት ት/ትፕሮግራም ማስተባበሪያ', NULL, 0, NULL, NULL, NULL, NULL, NULL, NULL, NULL, NULL, NULL, NULL, NULL, NULL, NULL, 729, NULL, 1, NULL, '2023-01-12 05:08:50', '2023-01-12 05:08:50'),
(738, 'ረዳት ሬጅስትራር ጽ/ቤት', NULL, 0, NULL, NULL, NULL, NULL, NULL, NULL, NULL, NULL, NULL, NULL, NULL, NULL, NULL, 729, NULL, 1, NULL, '2023-01-12 05:09:27', '2023-01-12 05:09:27'),
(740, 'CLG-የጋራ ኮርሶች አስተባባሪ', NULL, 0, NULL, NULL, NULL, NULL, NULL, NULL, NULL, NULL, NULL, NULL, NULL, NULL, NULL, 729, NULL, 1, NULL, '2023-01-12 05:10:50', '2023-01-12 05:10:50'),
(741, 'የምርምር ህትመንትና ግራንት ማኔጂመንት አስተባባሪ', NULL, 0, NULL, NULL, NULL, NULL, NULL, NULL, NULL, NULL, NULL, NULL, NULL, NULL, NULL, 729, NULL, 1, NULL, '2023-01-12 05:11:35', '2023-01-12 05:11:35'),
(742, 'የህግ ትምህርት ክፍል', NULL, 0, NULL, NULL, NULL, NULL, NULL, NULL, NULL, NULL, NULL, NULL, NULL, NULL, NULL, 729, NULL, 1, NULL, '2023-01-12 05:13:04', '2023-01-12 05:13:04'),
(743, 'የአስተዳደር ትምህርት ክፍል', NULL, 0, NULL, NULL, NULL, NULL, NULL, NULL, NULL, NULL, NULL, NULL, NULL, NULL, NULL, 729, NULL, 1, NULL, '2023-01-12 05:13:29', '2023-01-12 05:13:29'),
(744, 'የሲቪክስ ት/ክፍል', NULL, 0, NULL, NULL, NULL, NULL, NULL, NULL, NULL, NULL, NULL, NULL, NULL, NULL, NULL, 729, NULL, 1, NULL, '2023-01-12 05:13:50', '2023-01-12 05:13:50'),
(745, 'የተማሪዎች ክህሎት ማጐልበቻ አስተባባሪ', NULL, 0, NULL, NULL, NULL, NULL, NULL, NULL, NULL, NULL, NULL, NULL, NULL, NULL, NULL, 731, NULL, 1, NULL, '2023-01-12 05:15:54', '2023-01-12 05:15:54'),
(746, 'የትምህርት  ጥራት ምዘናና ፈተና አስተባባሪ', NULL, 0, NULL, NULL, NULL, NULL, NULL, NULL, NULL, NULL, NULL, NULL, NULL, NULL, NULL, 731, NULL, 1, NULL, '2023-01-12 05:17:04', '2023-01-12 05:17:04'),
(747, 'የማህበረሰብ አገልግሎት  አስተባበሪያ', NULL, 0, NULL, NULL, NULL, NULL, NULL, NULL, NULL, NULL, NULL, NULL, NULL, NULL, NULL, 732, NULL, 1, NULL, '2023-01-12 05:20:53', '2023-01-12 05:20:53'),
(748, 'የእንዱስትሪ ትስስር ና የቴክኖሎጅ ሽግግር አስተባባሪ', NULL, 0, NULL, NULL, NULL, NULL, NULL, NULL, NULL, NULL, NULL, NULL, NULL, NULL, NULL, 732, NULL, 1, NULL, '2023-01-12 05:24:27', '2023-01-12 05:24:27'),
(750, 'የሰዉ ሃብት አስተዳደር ቡድን', NULL, 0, NULL, NULL, NULL, NULL, NULL, NULL, NULL, NULL, NULL, NULL, NULL, NULL, NULL, 733, NULL, 1, NULL, '2023-01-12 05:32:11', '2023-01-12 05:32:11'),
(751, 'የፋይናንስ አስተዳደር ቡድን', NULL, 0, NULL, NULL, NULL, NULL, NULL, NULL, NULL, NULL, NULL, NULL, NULL, NULL, NULL, 733, NULL, 1, NULL, '2023-01-12 05:32:57', '2023-01-12 05:32:57'),
(753, 'CLG-የግዢ አስተዳደር ቡድን', NULL, 0, NULL, NULL, NULL, NULL, NULL, NULL, NULL, NULL, NULL, NULL, NULL, NULL, NULL, 733, NULL, 1, NULL, '2023-01-12 05:34:12', '2023-01-12 05:39:18'),
(754, 'CLG-የመረጃ ግንኙነቶች ቴክኖሎጂ  ቡድን', NULL, 0, NULL, NULL, NULL, NULL, NULL, NULL, NULL, NULL, NULL, NULL, NULL, NULL, NULL, 733, NULL, 1, NULL, '2023-01-12 05:38:17', '2023-01-12 05:38:17'),
(756, 'CLG-የተማሪዎች አገልግሎት ቡድን', NULL, 0, NULL, NULL, NULL, NULL, NULL, NULL, NULL, NULL, NULL, NULL, NULL, NULL, NULL, 733, NULL, 1, NULL, '2023-01-12 05:40:40', '2023-01-12 05:40:40'),
(757, 'የጠቅላላ አገልግሎት ቡድን', NULL, 0, NULL, NULL, NULL, NULL, NULL, NULL, NULL, NULL, NULL, NULL, NULL, NULL, NULL, 733, NULL, 1, NULL, '2023-01-12 05:43:13', '2023-01-12 05:43:13'),
(758, 'CNS-የምርምርና የድህረ-ምረቃማስተባበሪያ', NULL, 0, NULL, NULL, NULL, NULL, NULL, NULL, NULL, NULL, NULL, NULL, NULL, NULL, NULL, 630, NULL, 1, NULL, '2023-01-12 02:07:57', '2023-01-12 02:07:57'),
(759, 'CNS-የተከታታይና ርቀት ት/ትፕሮግራም ማስተባበሪያ', NULL, 0, NULL, NULL, NULL, NULL, NULL, NULL, NULL, NULL, NULL, NULL, NULL, NULL, NULL, 630, NULL, 1, NULL, '2023-01-12 02:08:50', '2023-01-12 02:08:50'),
(760, 'CNS-ረዳት ሬጅስትራር ጽ/ቤት', NULL, 0, NULL, NULL, NULL, NULL, NULL, NULL, NULL, NULL, NULL, NULL, NULL, NULL, NULL, 630, NULL, 1, NULL, '2023-01-12 02:09:27', '2023-01-12 02:09:27'),
(761, 'CNS-የጋራ ኮርሶች አስተባባሪ', NULL, 0, NULL, NULL, NULL, NULL, NULL, NULL, NULL, NULL, NULL, NULL, NULL, NULL, NULL, 630, NULL, 1, NULL, '2023-01-12 02:10:50', '2023-01-12 02:10:50'),
(762, 'CNS-የምርምር ህትመንትና ግራንት ማኔጂመንት አስተባባሪ', NULL, 0, NULL, NULL, NULL, NULL, NULL, NULL, NULL, NULL, NULL, NULL, NULL, NULL, NULL, 630, NULL, 1, NULL, '2023-01-12 02:11:35', '2023-01-12 02:11:35'),
(763, 'CNS-የማህበረሰብ አገልግሎት  አስተባበሪያ', NULL, 0, NULL, NULL, NULL, NULL, NULL, NULL, NULL, NULL, NULL, NULL, NULL, NULL, NULL, 633, NULL, 1, NULL, '2023-01-12 02:20:53', '2023-01-12 06:14:05'),
(764, 'CNS-የእንዱስትሪ ትስስር ና የቴክኖሎጅ ሽግግር አስተባባሪ', NULL, 0, NULL, NULL, NULL, NULL, NULL, NULL, NULL, NULL, NULL, NULL, NULL, NULL, NULL, 633, NULL, 1, NULL, '2023-01-12 02:24:27', '2023-01-12 06:13:21'),
(765, 'CNS-የተማሪዎች ክህሎት ማጐልበቻ አስተባባሪ', NULL, 0, NULL, NULL, NULL, NULL, NULL, NULL, NULL, NULL, NULL, NULL, NULL, NULL, NULL, 632, NULL, 1, NULL, '2023-01-12 02:15:54', '2023-01-12 02:15:54'),
(766, 'CNS-የትምህርት  ጥራት ምዘናና ፈተና አስተባባሪ', NULL, 0, NULL, NULL, NULL, NULL, NULL, NULL, NULL, NULL, NULL, NULL, NULL, NULL, NULL, 632, NULL, 1, NULL, '2023-01-12 02:17:04', '2023-01-12 02:17:04'),
(769, 'CNS-የሰዉ ሃብት አስተዳደር ቡድን', NULL, 0, NULL, NULL, NULL, NULL, NULL, NULL, NULL, NULL, NULL, NULL, NULL, NULL, NULL, 634, NULL, 1, NULL, '2023-01-12 02:32:11', '2023-01-12 02:32:11'),
(770, 'CNS-የፋይናንስ አስተዳደር ቡድን', NULL, 0, NULL, NULL, NULL, NULL, NULL, NULL, NULL, NULL, NULL, NULL, NULL, NULL, NULL, 634, NULL, 1, NULL, '2023-01-12 02:32:57', '2023-01-12 02:32:57'),
(771, 'CNS-የግዢ አስተዳደር ቡድን', NULL, 0, NULL, NULL, NULL, NULL, NULL, NULL, NULL, NULL, NULL, NULL, NULL, NULL, NULL, 634, NULL, 1, NULL, '2023-01-12 02:34:12', '2023-01-12 02:39:18'),
(772, 'CNS-የመረጃ ግንኙነቶች ቴክኖሎጂ  ቡድን', NULL, 0, NULL, NULL, NULL, NULL, NULL, NULL, NULL, NULL, NULL, NULL, NULL, NULL, NULL, 634, NULL, 1, NULL, '2023-01-12 02:38:17', '2023-01-12 02:38:17'),
(773, 'CNS-የተማሪዎች አገልግሎት ቡድን', NULL, 0, NULL, NULL, NULL, NULL, NULL, NULL, NULL, NULL, NULL, NULL, NULL, NULL, NULL, 634, NULL, 1, NULL, '2023-01-12 02:40:40', '2023-01-12 02:40:40'),
(774, 'CNS-የጠቅላላ አገልግሎት ቡድን', NULL, 0, NULL, NULL, NULL, NULL, NULL, NULL, NULL, NULL, NULL, NULL, NULL, NULL, NULL, 634, NULL, 1, NULL, '2023-01-12 02:43:13', '2023-01-12 02:43:13'),
(776, 'CNS-የት/ት ክፍል ም/ሀላፊ', NULL, 0, NULL, NULL, NULL, NULL, NULL, NULL, NULL, NULL, NULL, NULL, NULL, NULL, NULL, 637, NULL, 1, NULL, '2023-01-12 06:18:41', '2023-01-12 06:18:41'),
(777, 'CSS-የአካዳሚክና ምርምር ጉዳዩች ም/ዲን ጽ/ቤት', NULL, 0, NULL, NULL, NULL, NULL, NULL, NULL, NULL, NULL, NULL, NULL, NULL, NULL, NULL, 27, NULL, NULL, NULL, '2022-12-16 02:42:18', '2022-12-16 02:42:18'),
(778, 'CSS-የምርምር ማዕከል', NULL, 0, NULL, NULL, NULL, NULL, NULL, NULL, NULL, NULL, NULL, NULL, NULL, NULL, NULL, 27, NULL, NULL, NULL, '2023-01-05 21:04:39', '2023-01-10 20:23:30'),
(779, 'CSS-የት/ት ኘሮግራሞች ጥራት ምዘናና ፈተና ማስተባበሪያ', NULL, 0, NULL, NULL, NULL, NULL, NULL, NULL, NULL, NULL, NULL, NULL, NULL, NULL, NULL, 27, NULL, NULL, NULL, '2023-01-05 21:09:48', '2023-01-10 20:41:28'),
(780, 'CSS-ማህበረሰብ አቀፍ ትምሀርት ማስተባባሪያ', NULL, 0, NULL, NULL, NULL, NULL, NULL, NULL, NULL, NULL, NULL, NULL, NULL, NULL, NULL, 27, NULL, NULL, NULL, '2023-01-05 21:10:16', '2023-01-10 23:29:27'),
(781, 'CSS-ማኔጅንግ ዳሬክተር/የኮሌጅ አስተዳደር', NULL, 0, NULL, NULL, NULL, NULL, NULL, NULL, NULL, NULL, NULL, NULL, NULL, NULL, NULL, 27, NULL, NULL, NULL, '2023-01-05 21:10:41', '2023-01-10 20:19:44'),
(782, 'CSS-የዕቅድ፣ መረጃና በጀት ጽ/ቤት', NULL, 0, NULL, NULL, NULL, NULL, NULL, NULL, NULL, NULL, NULL, NULL, NULL, NULL, NULL, 27, NULL, NULL, NULL, '2023-01-10 20:27:50', '2023-01-10 20:27:50'),
(783, 'CSS-የትምህርት ክፍል ሀላፊ', NULL, 0, NULL, NULL, NULL, NULL, NULL, NULL, NULL, NULL, NULL, NULL, NULL, NULL, NULL, 27, NULL, NULL, NULL, '2023-01-10 20:30:21', '2023-01-10 20:30:21'),
(784, 'የሶሺዮሎጂ ትምህርት ከፍል', NULL, 0, NULL, NULL, NULL, NULL, NULL, NULL, NULL, NULL, NULL, NULL, NULL, NULL, NULL, 777, NULL, NULL, NULL, '2023-01-06 01:25:30', '2023-01-06 01:25:30'),
(785, 'የቲያትሪካል አርት የትምህርት ከፍል', NULL, 0, NULL, NULL, NULL, NULL, NULL, NULL, NULL, NULL, NULL, NULL, NULL, NULL, NULL, 777, NULL, NULL, NULL, '2023-01-06 01:25:46', '2023-01-06 01:25:46'),
(786, 'የሙዚቃ ትምህርት ክፍል', NULL, 0, NULL, NULL, NULL, NULL, NULL, NULL, NULL, NULL, NULL, NULL, NULL, NULL, NULL, 777, NULL, NULL, NULL, '2023-01-06 01:26:01', '2023-01-06 01:26:01'),
(787, 'የታሪክ ትምህርት ክፍል', NULL, 0, NULL, NULL, NULL, NULL, NULL, NULL, NULL, NULL, NULL, NULL, NULL, NULL, NULL, 777, NULL, NULL, NULL, '2023-01-06 01:26:19', '2023-01-06 01:26:19'),
(788, 'የአማርኛ ትምህርት ክፍል', NULL, 0, NULL, NULL, NULL, NULL, NULL, NULL, NULL, NULL, NULL, NULL, NULL, NULL, NULL, 777, NULL, NULL, NULL, '2023-01-06 01:26:33', '2023-01-06 01:26:33'),
(789, 'የአፋን ኦሮሞ ትምህርት ክፍል', NULL, 0, NULL, NULL, NULL, NULL, NULL, NULL, NULL, NULL, NULL, NULL, NULL, NULL, NULL, 777, NULL, NULL, NULL, '2023-01-06 01:26:45', '2023-01-06 01:26:45'),
(790, 'የእንግሊዘኛ ትምህርት ክፍል', NULL, 0, NULL, NULL, NULL, NULL, NULL, NULL, NULL, NULL, NULL, NULL, NULL, NULL, NULL, 777, NULL, NULL, NULL, '2023-01-06 01:26:59', '2023-01-06 01:26:59'),
(791, 'የጅኦግራፊ ትምህርት ክፍል', NULL, 0, NULL, NULL, NULL, NULL, NULL, NULL, NULL, NULL, NULL, NULL, NULL, NULL, NULL, 777, NULL, NULL, NULL, '2023-01-06 01:27:13', '2023-01-06 01:27:13'),
(792, 'የኦሮሞፎክሎርትምህርትክፍል', NULL, 0, NULL, NULL, NULL, NULL, NULL, NULL, NULL, NULL, NULL, NULL, NULL, NULL, NULL, 777, NULL, NULL, NULL, '2023-01-06 01:27:26', '2023-01-06 01:27:26'),
(793, 'የሶሻል ወርክ ትምህርት ክፍል', NULL, 0, NULL, NULL, NULL, NULL, NULL, NULL, NULL, NULL, NULL, NULL, NULL, NULL, NULL, 777, NULL, NULL, NULL, '2023-01-06 01:27:38', '2023-01-06 01:27:38'),
(794, 'የሶሻል አንትርፖሎጂ ትምህርት ክፍል', NULL, 0, NULL, NULL, NULL, NULL, NULL, NULL, NULL, NULL, NULL, NULL, NULL, NULL, NULL, 777, NULL, NULL, NULL, '2023-01-06 01:27:53', '2023-01-06 01:27:53'),
(795, 'የቪዥዋል አርት ትምህርት ክፍል', NULL, 0, NULL, NULL, NULL, NULL, NULL, NULL, NULL, NULL, NULL, NULL, NULL, NULL, NULL, 777, NULL, NULL, NULL, '2023-01-06 01:28:06', '2023-01-06 01:28:06'),
(796, 'የሚዲያ ስተዲስ ትምህርት ክፍል', NULL, 0, NULL, NULL, NULL, NULL, NULL, NULL, NULL, NULL, NULL, NULL, NULL, NULL, NULL, 777, NULL, NULL, NULL, '2023-01-06 01:28:18', '2023-01-06 01:28:18'),
(797, 'CSS-የምርምርና የድህረ-ምረቃማስተባበሪያ', NULL, 0, NULL, NULL, NULL, NULL, NULL, NULL, NULL, NULL, NULL, NULL, NULL, NULL, NULL, 777, NULL, 1, NULL, '2023-01-12 02:07:57', '2023-01-12 02:07:57'),
(798, 'CSS-የተከታታይና ርቀት ት/ትፕሮግራም ማስተባበሪያ', NULL, 0, NULL, NULL, NULL, NULL, NULL, NULL, NULL, NULL, NULL, NULL, NULL, NULL, NULL, 777, NULL, 1, NULL, '2023-01-12 02:08:50', '2023-01-12 02:08:50'),
(799, 'CSS-ረዳት ሬጅስትራር ጽ/ቤት', NULL, 0, NULL, NULL, NULL, NULL, NULL, NULL, NULL, NULL, NULL, NULL, NULL, NULL, NULL, 777, NULL, 1, NULL, '2023-01-12 02:09:27', '2023-01-12 02:09:27'),
(800, 'CSS-የጋራ ኮርሶች አስተባባሪ', NULL, 0, NULL, NULL, NULL, NULL, NULL, NULL, NULL, NULL, NULL, NULL, NULL, NULL, NULL, 777, NULL, 1, NULL, '2023-01-12 02:10:50', '2023-01-12 02:10:50'),
(801, 'CSS-የምርምር ህትመንትና ግራንት ማኔጂመንት አስተባባሪ', NULL, 0, NULL, NULL, NULL, NULL, NULL, NULL, NULL, NULL, NULL, NULL, NULL, NULL, NULL, 777, NULL, 1, 4, '2023-01-12 02:11:35', '2023-04-01 06:42:49');


